{"legs":[{"id":"ORY-LIS:TO7648~25:1","departureTime":"16:45","arrivalTime":"18:25","duration":"02h 40m","departureAirportCode":"ORY","arrivalAirportCode":"LIS","airlineCodes":["TO"],"stopoverAirportCodes":[],"allianceCodes":["lcc"],"stopoversCount":0,"departureTimeMinutes":1005,"arrivalTimeMinutes":1105,"departureDateTime":"2023-04-25T16:45:00.000+02:00","arrivalDateTime":"2023-04-25T18:25:00.000+01:00","stopoverDurationMinutes":0,"durationMinutes":160,"overnight":false,"stopoverDuration":"00h","durationDays":0,"longStopover":false,"segments":[{"durationMinutes":160,"stopoverDurationMinutes":0,"departureAirportCode":"ORY","arrivalAirportCode":"LIS","airlineCode":"TO","cabin":"economy","designatorCode":"TO7648","departureDateTime":"2023-04-25T16:45:00.000+02:00","arrivalDateTime":"2023-04-25T18:25:00.000+01:00"}],"operatingAirlineCodes":[],"stopoverCode":"DIRECT","shortStopover":true,"earlyDeparture":false,"lateArrival":false,"newAircraft":false,"oldAircraft":true,"highlyRatedCarrier":false,"score":1000},{"id":"LIS-ORY:TO7649~21:0","departureTime":"18:45","arrivalTime":"22:15","duration":"02h 30m","departureAirportCode":"LIS","arrivalAirportCode":"ORY","airlineCodes":["TO"],"stopoverAirportCodes":[],"allianceCodes":["lcc"],"stopoversCount":0,"departureTimeMinutes":1125,"arrivalTimeMinutes":1335,"departureDateTime":"2023-04-21T18:45:00.000+01:00","arrivalDateTime":"2023-04-21T22:15:00.000+02:00","stopoverDurationMinutes":0,"durationMinutes":150,"overnight":false,"stopoverDuration":"00h","durationDays":0,"longStopover":false,"segments":[{"durationMinutes":150,"stopoverDurationMinutes":0,"departureAirportCode":"LIS","arrivalAirportCode":"ORY","airlineCode":"TO","cabin":"economy","designatorCode":"TO7649","departureDateTime":"2023-04-21T18:45:00.000+01:00","arrivalDateTime":"2023-04-21T22:15:00.000+02:00"}],"operatingAirlineCodes":[],"stopoverCode":"DIRECT","shortStopover":true,"earlyDeparture":false,"lateArrival":false,"newAircraft":false,"oldAircraft":true,"highlyRatedCarrier":false,"score":990},{"id":"ORY-LIS:U21636~25:U27612~25:1","departureTime":"16:45","arrivalTime":"22:45","duration":"07h","departureAirportCode":"ORY","arrivalAirportCode":"LIS","airlineCodes":["U2"],"stopoverAirportCodes":["NCE"],"allianceCodes":["lcc"],"stopoversCount":1,"departureTimeMinutes":1005,"arrivalTimeMinutes":1365,"departureDateTime":"2023-04-25T16:45:00.000+02:00","arrivalDateTime":"2023-04-25T22:45:00.000+01:00","stopoverDurationMinutes":175,"durationMinutes":420,"overnight":false,"stopoverDuration":"02h 55m","durationDays":0,"longStopover":false,"segments":[{"durationMinutes":90,"stopoverDurationMinutes":175,"departureAirportCode":"ORY","arrivalAirportCode":"NCE","airlineCode":"U2","cabin":"economy","designatorCode":"U21636","departureDateTime":"2023-04-25T16:45:00.000+02:00","arrivalDateTime":"2023-04-25T18:15:00.000+02:00"},{"durationMinutes":155,"stopoverDurationMinutes":0,"departureAirportCode":"NCE","arrivalAirportCode":"LIS","airlineCode":"U2","cabin":"economy","designatorCode":"U27612","departureDateTime":"2023-04-25T21:10:00.000+02:00","arrivalDateTime":"2023-04-25T22:45:00.000+01:00"}],"operatingAirlineCodes":[],"stopoverCode":"ONE_STOP","shortStopover":false,"earlyDeparture":false,"lateArrival":false,"newAircraft":false,"oldAircraft":true,"highlyRatedCarrier":false,"score":878},{"id":"ORY-LIS:U24863~25:U27612~25:1","departureTime":"15:10","arrivalTime":"22:45","duration":"08h 35m","departureAirportCode":"ORY","arrivalAirportCode":"LIS","airlineCodes":["U2"],"stopoverAirportCodes":["NCE"],"allianceCodes":["lcc"],"stopoversCount":1,"departureTimeMinutes":910,"arrivalTimeMinutes":1365,"departureDateTime":"2023-04-25T15:10:00.000+02:00","arrivalDateTime":"2023-04-25T22:45:00.000+01:00","stopoverDurationMinutes":270,"durationMinutes":515,"overnight":false,"stopoverDuration":"04h 30m","durationDays":0,"longStopover":true,"segments":[{"durationMinutes":90,"stopoverDurationMinutes":270,"departureAirportCode":"ORY","arrivalAirportCode":"NCE","airlineCode":"U2","cabin":"economy","designatorCode":"U24863","departureDateTime":"2023-04-25T15:10:00.000+02:00","arrivalDateTime":"2023-04-25T16:40:00.000+02:00"},{"durationMinutes":155,"stopoverDurationMinutes":0,"departureAirportCode":"NCE","arrivalAirportCode":"LIS","airlineCode":"U2","cabin":"economy","designatorCode":"U27612","departureDateTime":"2023-04-25T21:10:00.000+02:00","arrivalDateTime":"2023-04-25T22:45:00.000+01:00"}],"operatingAirlineCodes":[],"stopoverCode":"ONE_STOP","shortStopover":false,"earlyDeparture":false,"lateArrival":false,"newAircraft":false,"oldAircraft":true,"highlyRatedCarrier":false,"score":866.67},{"id":"ORY-LIS:TO7658~25:1","departureTime":"11:25","arrivalTime":"13:05","duration":"02h 40m","departureAirportCode":"ORY","arrivalAirportCode":"LIS","airlineCodes":["TO"],"stopoverAirportCodes":[],"allianceCodes":["lcc"],"stopoversCount":0,"departureTimeMinutes":685,"arrivalTimeMinutes":785,"departureDateTime":"2023-04-25T11:25:00.000+02:00","arrivalDateTime":"2023-04-25T13:05:00.000+01:00","stopoverDurationMinutes":0,"durationMinutes":160,"overnight":false,"stopoverDuration":"00h","durationDays":0,"longStopover":false,"segments":[{"durationMinutes":160,"stopoverDurationMinutes":0,"departureAirportCode":"ORY","arrivalAirportCode":"LIS","airlineCode":"TO","cabin":"economy","designatorCode":"TO7658","departureDateTime":"2023-04-25T11:25:00.000+02:00","arrivalDateTime":"2023-04-25T13:05:00.000+01:00"}],"operatingAirlineCodes":[],"stopoverCode":"DIRECT","shortStopover":true,"earlyDeparture":false,"lateArrival":false,"newAircraft":false,"oldAircraft":true,"highlyRatedCarrier":false,"score":1000},{"id":"ORY-LIS:TO7646~25:1","departureTime":"14:20","arrivalTime":"16:00","duration":"02h 40m","departureAirportCode":"ORY","arrivalAirportCode":"LIS","airlineCodes":["TO"],"stopoverAirportCodes":[],"allianceCodes":["lcc"],"stopoversCount":0,"departureTimeMinutes":860,"arrivalTimeMinutes":960,"departureDateTime":"2023-04-25T14:20:00.000+02:00","arrivalDateTime":"2023-04-25T16:00:00.000+01:00","stopoverDurationMinutes":0,"durationMinutes":160,"overnight":false,"stopoverDuration":"00h","durationDays":0,"longStopover":false,"segments":[{"durationMinutes":160,"stopoverDurationMinutes":0,"departureAirportCode":"ORY","arrivalAirportCode":"LIS","airlineCode":"TO","cabin":"economy","designatorCode":"TO7646","departureDateTime":"2023-04-25T14:20:00.000+02:00","arrivalDateTime":"2023-04-25T16:00:00.000+01:00"}],"operatingAirlineCodes":[],"stopoverCode":"DIRECT","shortStopover":true,"earlyDeparture":false,"lateArrival":false,"newAircraft":false,"oldAircraft":true,"highlyRatedCarrier":false,"score":1000},{"id":"ORY-LIS:U21338~25:U27642~25:1","departureTime":"08:00","arrivalTime":"13:05","duration":"06h 05m","departureAirportCode":"ORY","arrivalAirportCode":"LIS","airlineCodes":["U2"],"stopoverAirportCodes":["GVA"],"allianceCodes":["lcc"],"stopoversCount":1,"departureTimeMinutes":480,"arrivalTimeMinutes":785,"departureDateTime":"2023-04-25T08:00:00.000+02:00","arrivalDateTime":"2023-04-25T13:05:00.000+01:00","stopoverDurationMinutes":145,"durationMinutes":365,"overnight":false,"stopoverDuration":"02h 25m","durationDays":0,"longStopover":false,"segments":[{"durationMinutes":65,"stopoverDurationMinutes":145,"departureAirportCode":"ORY","arrivalAirportCode":"GVA","airlineCode":"U2","cabin":"economy","designatorCode":"U21338","departureDateTime":"2023-04-25T08:00:00.000+02:00","arrivalDateTime":"2023-04-25T09:05:00.000+02:00"},{"durationMinutes":155,"stopoverDurationMinutes":0,"departureAirportCode":"GVA","arrivalAirportCode":"LIS","airlineCode":"U2","cabin":"economy","designatorCode":"U27642","departureDateTime":"2023-04-25T11:30:00.000+02:00","arrivalDateTime":"2023-04-25T13:05:00.000+01:00"}],"operatingAirlineCodes":[],"stopoverCode":"ONE_STOP","shortStopover":false,"earlyDeparture":false,"lateArrival":false,"newAircraft":false,"oldAircraft":true,"highlyRatedCarrier":false,"score":891.67},{"id":"ORY-LIS:TO7662~25:1","departureTime":"21:25","arrivalTime":"23:05","duration":"02h 40m","departureAirportCode":"ORY","arrivalAirportCode":"LIS","airlineCodes":["TO"],"stopoverAirportCodes":[],"allianceCodes":["lcc"],"stopoversCount":0,"departureTimeMinutes":1285,"arrivalTimeMinutes":1385,"departureDateTime":"2023-04-25T21:25:00.000+02:00","arrivalDateTime":"2023-04-25T23:05:00.000+01:00","stopoverDurationMinutes":0,"durationMinutes":160,"overnight":false,"stopoverDuration":"00h","durationDays":0,"longStopover":false,"segments":[{"durationMinutes":160,"stopoverDurationMinutes":0,"departureAirportCode":"ORY","arrivalAirportCode":"LIS","airlineCode":"TO","cabin":"economy","designatorCode":"TO7662","departureDateTime":"2023-04-25T21:25:00.000+02:00","arrivalDateTime":"2023-04-25T23:05:00.000+01:00"}],"operatingAirlineCodes":[],"stopoverCode":"DIRECT","shortStopover":true,"earlyDeparture":false,"lateArrival":true,"newAircraft":false,"oldAircraft":true,"highlyRatedCarrier":false,"score":990},{"id":"LIS-ORY:U22868~21:U27353~21:0","departureTime":"10:00","arrivalTime":"18:30","duration":"07h 30m","departureAirportCode":"LIS","arrivalAirportCode":"ORY","airlineCodes":["U2"],"stopoverAirportCodes":["BRS"],"allianceCodes":["lcc"],"stopoversCount":1,"departureTimeMinutes":600,"arrivalTimeMinutes":1110,"departureDateTime":"2023-04-21T10:00:00.000+01:00","arrivalDateTime":"2023-04-21T18:30:00.000+02:00","stopoverDurationMinutes":215,"durationMinutes":450,"overnight":false,"stopoverDuration":"03h 35m","durationDays":0,"longStopover":false,"segments":[{"durationMinutes":150,"stopoverDurationMinutes":215,"departureAirportCode":"LIS","arrivalAirportCode":"BRS","airlineCode":"U2","cabin":"economy","designatorCode":"U22868","departureDateTime":"2023-04-21T10:00:00.000+01:00","arrivalDateTime":"2023-04-21T12:30:00.000+01:00"},{"durationMinutes":85,"stopoverDurationMinutes":0,"departureAirportCode":"BRS","arrivalAirportCode":"ORY","airlineCode":"U2","cabin":"economy","designatorCode":"U27353","departureDateTime":"2023-04-21T16:05:00.000+01:00","arrivalDateTime":"2023-04-21T18:30:00.000+02:00"}],"operatingAirlineCodes":[],"stopoverCode":"ONE_STOP","shortStopover":false,"earlyDeparture":false,"lateArrival":false,"newAircraft":false,"oldAircraft":true,"highlyRatedCarrier":false,"score":886},{"id":"ORY-LIS:U21723~25:U22867~25:1","departureTime":"08:30","arrivalTime":"16:20","duration":"08h 50m","departureAirportCode":"ORY","arrivalAirportCode":"LIS","airlineCodes":["U2"],"stopoverAirportCodes":["BRS"],"allianceCodes":["lcc"],"stopoversCount":1,"departureTimeMinutes":510,"arrivalTimeMinutes":980,"departureDateTime":"2023-04-25T08:30:00.000+02:00","arrivalDateTime":"2023-04-25T16:20:00.000+01:00","stopoverDurationMinutes":295,"durationMinutes":530,"overnight":false,"stopoverDuration":"04h 55m","durationDays":0,"longStopover":true,"segments":[{"durationMinutes":80,"stopoverDurationMinutes":295,"departureAirportCode":"ORY","arrivalAirportCode":"BRS","airlineCode":"U2","cabin":"economy","designatorCode":"U21723","departureDateTime":"2023-04-25T08:30:00.000+02:00","arrivalDateTime":"2023-04-25T08:50:00.000+01:00"},{"durationMinutes":155,"stopoverDurationMinutes":0,"departureAirportCode":"BRS","arrivalAirportCode":"LIS","airlineCode":"U2","cabin":"economy","designatorCode":"U22867","departureDateTime":"2023-04-25T13:45:00.000+01:00","arrivalDateTime":"2023-04-25T16:20:00.000+01:00"}],"operatingAirlineCodes":[],"stopoverCode":"ONE_STOP","shortStopover":false,"earlyDeparture":false,"lateArrival":false,"newAircraft":false,"oldAircraft":true,"highlyRatedCarrier":false,"score":871.5},{"id":"ORY-LIS:TO7660~25:1","departureTime":"20:55","arrivalTime":"22:35","duration":"02h 40m","departureAirportCode":"ORY","arrivalAirportCode":"LIS","airlineCodes":["TO"],"stopoverAirportCodes":[],"allianceCodes":["lcc"],"stopoversCount":0,"departureTimeMinutes":1255,"arrivalTimeMinutes":1355,"departureDateTime":"2023-04-25T20:55:00.000+02:00","arrivalDateTime":"2023-04-25T22:35:00.000+01:00","stopoverDurationMinutes":0,"durationMinutes":160,"overnight":false,"stopoverDuration":"00h","durationDays":0,"longStopover":false,"segments":[{"durationMinutes":160,"stopoverDurationMinutes":0,"departureAirportCode":"ORY","arrivalAirportCode":"LIS","airlineCode":"TO","cabin":"economy","designatorCode":"TO7660","departureDateTime":"2023-04-25T20:55:00.000+02:00","arrivalDateTime":"2023-04-25T22:35:00.000+01:00"}],"operatingAirlineCodes":[],"stopoverCode":"DIRECT","shortStopover":true,"earlyDeparture":false,"lateArrival":false,"newAircraft":false,"oldAircraft":true,"highlyRatedCarrier":false,"score":990},{"id":"ORY-LIS:TO7640~25:1","departureTime":"07:15","arrivalTime":"08:55","duration":"02h 40m","departureAirportCode":"ORY","arrivalAirportCode":"LIS","airlineCodes":["TO"],"stopoverAirportCodes":[],"allianceCodes":["lcc"],"stopoversCount":0,"departureTimeMinutes":435,"arrivalTimeMinutes":535,"departureDateTime":"2023-04-25T07:15:00.000+02:00","arrivalDateTime":"2023-04-25T08:55:00.000+01:00","stopoverDurationMinutes":0,"durationMinutes":160,"overnight":false,"stopoverDuration":"00h","durationDays":0,"longStopover":false,"segments":[{"durationMinutes":160,"stopoverDurationMinutes":0,"departureAirportCode":"ORY","arrivalAirportCode":"LIS","airlineCode":"TO","cabin":"economy","designatorCode":"TO7640","departureDateTime":"2023-04-25T07:15:00.000+02:00","arrivalDateTime":"2023-04-25T08:55:00.000+01:00"}],"operatingAirlineCodes":[],"stopoverCode":"DIRECT","shortStopover":true,"earlyDeparture":false,"lateArrival":false,"newAircraft":false,"oldAircraft":true,"highlyRatedCarrier":false,"score":1000}],"tags":[],"search":{"id":"55d31fb6e0d70bdmsr","cabin":"economy","adultsCount":1,"childrenCount":0,"infantsCount":0,"siteCode":"US","currencyCode":"EUR","locale":"en","deviceType":"desktop","appType":"WEB_APP","createdAt":"2023-04-20T19:46:11.885Z","key":"[LIS:ORY:2023-04-21-ORY:LIS:2023-04-25]~1~0~0~US~economy~desktop~WEB_APP","userCountryCode":"HN","legs":[{"id":"LIS:ORY:2023-04-21","outboundDate":"2023-04-21","departureAirportCode":"LIS","arrivalAirportCode":"ORY","departureCity":{"code":"LIS","name":"Lisbon","enName":"Lisbon","countryCode":"PT","countryName":"Portugal","countryEnName":"Portugal","worldRegionCode":"e","worldRegionName":"Europe","worldRegionEnName":"Europe"},"arrivalCity":{"code":"PAR","name":"Paris","enName":"Paris","countryCode":"FR","countryName":"France","countryEnName":"France","worldRegionCode":"e","worldRegionName":"Europe","worldRegionEnName":"Europe"},"departureAirport":{"name":"Lisbon Airport","code":"LIS","cityCode":"LIS"},"arrivalAirport":{"name":"Paris Orly Airport","code":"ORY","cityCode":"PAR"}},{"id":"ORY:LIS:2023-04-25","outboundDate":"2023-04-25","departureAirportCode":"ORY","arrivalAirportCode":"LIS","departureCity":{"code":"PAR","name":"Paris","enName":"Paris","countryCode":"FR","countryName":"France","countryEnName":"France","worldRegionCode":"e","worldRegionName":"Europe","worldRegionEnName":"Europe"},"arrivalCity":{"code":"LIS","name":"Lisbon","enName":"Lisbon","countryCode":"PT","countryName":"Portugal","countryEnName":"Portugal","worldRegionCode":"e","worldRegionName":"Europe","worldRegionEnName":"Europe"},"departureAirport":{"name":"Paris Orly Airport","code":"ORY","cityCode":"PAR"},"arrivalAirport":{"name":"Lisbon Airport","code":"LIS","cityCode":"LIS"}}]},"airlines":[{"name":"EasyJet","code":"U2"},{"name":"Transavia.com France","code":"TO"}],"airports":[{"name":"Bristol Airport","code":"BRS","cityCode":"BRS"},{"name":"Geneva Airport","code":"GVA","cityCode":"GVA"},{"name":"Lisbon Airport","code":"LIS","cityCode":"LIS"},{"name":"Nice Airport","code":"NCE","cityCode":"NCE"},{"name":"Paris Orly Airport","code":"ORY","cityCode":"PAR"}],"cities":[{"code":"BRS","name":"Bristol","countryCode":"GB"},{"code":"GVA","name":"Geneva","countryCode":"CH"},{"code":"LIS","name":"Lisbon","countryCode":"PT"},{"code":"NCE","name":"Nice","countryCode":"FR"},{"code":"PAR","name":"Paris","countryCode":"FR"}],"providers":[{"code":"f.wego.com","name":"Wego","type":"ota","instant":false,"facilitatedBooking":false,"wegoFare":true},{"code":"worldwide.easyjet.com","name":"worldwide.easyjet","type":"ota","instant":false,"facilitatedBooking":false,"wegoFare":false}],"countries":[{"code":"FR","name":"France"},{"code":"FR","name":"France"},{"code":"PT","name":"Portugal"},{"code":"CH","name":"Switzerland"},{"code":"GB","name":"United Kingdom"}],"trips":[{"id":"55d31fb6e0d70bdmsr:U22868~21-U27353~21=U24863~25-U27612~25","code":"U22868~21-U27353~21=U24863~25-U27612~25","legIds":["LIS-ORY:U22868~21:U27353~21:0","ORY-LIS:U24863~25:U27612~25:1"]},{"id":"55d31fb6e0d70bdmsr:U22868~21-U27353~21=U21636~25-U27612~25","code":"U22868~21-U27353~21=U21636~25-U27612~25","legIds":["LIS-ORY:U22868~21:U27353~21:0","ORY-LIS:U21636~25:U27612~25:1"]},{"id":"55d31fb6e0d70bdmsr:TO7649~21=TO7648~25","code":"TO7649~21=TO7648~25","legIds":["LIS-ORY:TO7649~21:0","ORY-LIS:TO7648~25:1"]},{"id":"55d31fb6e0d70bdmsr:U22868~21-U27353~21=U21338~25-U27642~25","code":"U22868~21-U27353~21=U21338~25-U27642~25","legIds":["LIS-ORY:U22868~21:U27353~21:0","ORY-LIS:U21338~25:U27642~25:1"]},{"id":"55d31fb6e0d70bdmsr:TO7649~21=TO7658~25","code":"TO7649~21=TO7658~25","legIds":["LIS-ORY:TO7649~21:0","ORY-LIS:TO7658~25:1"]},{"id":"55d31fb6e0d70bdmsr:U22868~21-U27353~21=U21723~25-U22867~25","code":"U22868~21-U27353~21=U21723~25-U22867~25","legIds":["LIS-ORY:U22868~21:U27353~21:0","ORY-LIS:U21723~25:U22867~25:1"]},{"id":"55d31fb6e0d70bdmsr:TO7649~21=TO7646~25","code":"TO7649~21=TO7646~25","legIds":["LIS-ORY:TO7649~21:0","ORY-LIS:TO7646~25:1"]},{"id":"55d31fb6e0d70bdmsr:TO7649~21=TO7640~25","code":"TO7649~21=TO7640~25","legIds":["LIS-ORY:TO7649~21:0","ORY-LIS:TO7640~25:1"]},{"id":"55d31fb6e0d70bdmsr:TO7649~21=TO7662~25","code":"TO7649~21=TO7662~25","legIds":["LIS-ORY:TO7649~21:0","ORY-LIS:TO7662~25:1"]},{"id":"55d31fb6e0d70bdmsr:TO7649~21=TO7660~25","code":"TO7649~21=TO7660~25","legIds":["LIS-ORY:TO7649~21:0","ORY-LIS:TO7660~25:1"]}],"fares":[{"paymentFees":[{"paymentMethodId":15,"currencyCode":"EUR","amount":0,"amountUsd":0},{"paymentMethodId":10,"currencyCode":"EUR","amount":0,"amountUsd":0}],"id":"55d31fb6e0d70bdmsr:worldwide.easyjet.com:acaa799e57cda0cc","price":{"totalAmount":439,"totalAmountUsd":481.82462,"amount":439,"amountUsd":481.82462,"originalAmount":439.2,"originalAmountUsd":481.82462,"amountPerAdult":0,"amountPerChild":0,"amountPerInfant":0,"taxAmount":0,"taxAmountUsd":0,"totalTaxAmount":0,"totalTaxAmountUsd":0,"currencyCode":"EUR","paymentFeeAmountUsd":0,"bookingFee":0,"bookingFeeUsd":0,"totalBookingFee":0,"totalBookingFeeUsd":0},"providerCode":"worldwide.easyjet.com","handoffUrl":"https://handoff.wego.com/flights/continue?currency=EUR&url_locale=en&site_code=US&device_type=desktop&app_type=WEB_APP&domain=www.wego.com&fare_id=55d31fb6e0d70bdmsr:worldwide.easyjet.com:acaa799e57cda0cc&route=LIS-ORY&search_id=55d31fb6e0d70bdmsr&trip_id=LIS:ORY:2023-04-21:ORY:LIS:2023-04-25&pwa=false&api_version=2&integration_code=worldwide.easyjet.com&region=ap-southeast-1&placement_type=metasearch","ecpc":0,"remainingSeatsCount":0,"conditionIds":[],"legConditionIds":[],"refundable":false,"exchangeable":false,"tags":[],"tripId":"55d31fb6e0d70bdmsr:U22868~21-U27353~21=U21723~25-U22867~25"},{"paymentFees":[{"paymentMethodId":10,"currencyCode":"EUR","amount":0,"amountUsd":0},{"paymentMethodId":15,"currencyCode":"EUR","amount":29.56,"amountUsd":32.41591}],"id":"55d31fb6e0d70bdmsr:f.wego.com:b201877bb8ad6afa","price":{"totalAmount":493,"totalAmountUsd":540.26514,"amount":493,"amountUsd":540.26514,"originalAmount":492.71207,"originalAmountUsd":540.26514,"amountPerAdult":487.40878,"amountPerChild":0,"amountPerInfant":0,"taxAmount":53.7431,"taxAmountUsd":58.93,"totalTaxAmount":53.7431,"totalTaxAmountUsd":58.93,"currencyCode":"EUR","paymentFeeAmountUsd":0,"bookingFee":0,"bookingFeeUsd":0,"totalBookingFee":0,"totalBookingFeeUsd":0},"providerCode":"f.wego.com","handoffUrl":"https://www.wego.com/flights/searches/LIS-ORY-2023-04-21:ORY-LIS-2023-04-25/economy/1a/55d31fb6e0d70bdmsr:TO7649~21=TO7662~25/55d31fb6e0d70bdmsr:f_wego_com:b201877bb8ad6afa?ulang=en&placement_type=integrated_booking&app_client=olympias","ecpc":0,"remainingSeatsCount":0,"conditionIds":[],"legConditionIds":[],"refundable":false,"exchangeable":false,"penaltyInfos":[],"tags":[],"tripId":"55d31fb6e0d70bdmsr:TO7649~21=TO7662~25"},{"paymentFees":[{"paymentMethodId":15,"currencyCode":"EUR","amount":0,"amountUsd":0},{"paymentMethodId":10,"currencyCode":"EUR","amount":0,"amountUsd":0}],"id":"55d31fb6e0d70bdmsr:worldwide.easyjet.com:293b163894c38f6a","price":{"totalAmount":501,"totalAmountUsd":549.1177,"amount":501,"amountUsd":549.1177,"originalAmount":500.54,"originalAmountUsd":549.1177,"amountPerAdult":0,"amountPerChild":0,"amountPerInfant":0,"taxAmount":0,"taxAmountUsd":0,"totalTaxAmount":0,"totalTaxAmountUsd":0,"currencyCode":"EUR","paymentFeeAmountUsd":0,"bookingFee":0,"bookingFeeUsd":0,"totalBookingFee":0,"totalBookingFeeUsd":0},"providerCode":"worldwide.easyjet.com","handoffUrl":"https://handoff.wego.com/flights/continue?currency=EUR&url_locale=en&site_code=US&device_type=desktop&app_type=WEB_APP&domain=www.wego.com&fare_id=55d31fb6e0d70bdmsr:worldwide.easyjet.com:293b163894c38f6a&route=LIS-ORY&search_id=55d31fb6e0d70bdmsr&trip_id=LIS:ORY:2023-04-21:ORY:LIS:2023-04-25&pwa=false&api_version=2&integration_code=worldwide.easyjet.com&region=ap-southeast-1&placement_type=metasearch","ecpc":0,"remainingSeatsCount":0,"conditionIds":[],"legConditionIds":[],"refundable":false,"exchangeable":false,"tags":[],"tripId":"55d31fb6e0d70bdmsr:U22868~21-U27353~21=U21338~25-U27642~25"},{"paymentFees":[{"paymentMethodId":10,"currencyCode":"EUR","amount":0,"amountUsd":0},{"paymentMethodId":15,"currencyCode":"EUR","amount":30.84,"amountUsd":33.813084}],"id":"55d31fb6e0d70bdmsr:f.wego.com:82f3e9aeea81d7b7","price":{"totalAmount":514,"totalAmountUsd":563.5514,"amount":514,"amountUsd":563.5514,"originalAmount":513.9487,"originalAmountUsd":563.5514,"amountPerAdult":508.46643,"amountPerChild":0,"amountPerInfant":0,"taxAmount":53.73398,"taxAmountUsd":58.92,"totalTaxAmount":53.73398,"totalTaxAmountUsd":58.92,"currencyCode":"EUR","paymentFeeAmountUsd":0,"bookingFee":0,"bookingFeeUsd":0,"totalBookingFee":0,"totalBookingFeeUsd":0},"providerCode":"f.wego.com","handoffUrl":"https://www.wego.com/flights/searches/LIS-ORY-2023-04-21:ORY-LIS-2023-04-25/economy/1a/55d31fb6e0d70bdmsr:TO7649~21=TO7646~25/55d31fb6e0d70bdmsr:f_wego_com:82f3e9aeea81d7b7?ulang=en&placement_type=integrated_booking&app_client=olympias","ecpc":0,"remainingSeatsCount":0,"conditionIds":[],"legConditionIds":[],"refundable":false,"exchangeable":false,"penaltyInfos":[],"tags":[],"tripId":"55d31fb6e0d70bdmsr:TO7649~21=TO7646~25"},{"paymentFees":[{"paymentMethodId":10,"currencyCode":"EUR","amount":0,"amountUsd":0},{"paymentMethodId":15,"currencyCode":"EUR","amount":30.84,"amountUsd":33.813084}],"id":"55d31fb6e0d70bdmsr:f.wego.com:6bf77f7db99b18c6","price":{"totalAmount":514,"totalAmountUsd":563.5514,"amount":514,"amountUsd":563.5514,"originalAmount":513.9487,"originalAmountUsd":563.5514,"amountPerAdult":508.46643,"amountPerChild":0,"amountPerInfant":0,"taxAmount":53.73398,"taxAmountUsd":58.92,"totalTaxAmount":53.73398,"totalTaxAmountUsd":58.92,"currencyCode":"EUR","paymentFeeAmountUsd":0,"bookingFee":0,"bookingFeeUsd":0,"totalBookingFee":0,"totalBookingFeeUsd":0},"providerCode":"f.wego.com","handoffUrl":"https://www.wego.com/flights/searches/LIS-ORY-2023-04-21:ORY-LIS-2023-04-25/economy/1a/55d31fb6e0d70bdmsr:TO7649~21=TO7648~25/55d31fb6e0d70bdmsr:f_wego_com:6bf77f7db99b18c6?ulang=en&placement_type=integrated_booking&app_client=olympias","ecpc":0,"remainingSeatsCount":0,"conditionIds":[],"legConditionIds":[],"refundable":false,"exchangeable":false,"penaltyInfos":[],"tags":[],"tripId":"55d31fb6e0d70bdmsr:TO7649~21=TO7648~25"},{"paymentFees":[{"paymentMethodId":10,"currencyCode":"EUR","amount":0,"amountUsd":0},{"paymentMethodId":15,"currencyCode":"EUR","amount":32.23,"amountUsd":35.34338}],"id":"55d31fb6e0d70bdmsr:f.wego.com:a303b8d2480e989a","price":{"totalAmount":537,"totalAmountUsd":589.05634,"amount":537,"amountUsd":589.05634,"originalAmount":537.2088,"originalAmountUsd":589.05634,"amountPerAdult":531.53046,"amountPerChild":0,"amountPerInfant":0,"taxAmount":53.73398,"taxAmountUsd":58.92,"totalTaxAmount":53.73398,"totalTaxAmountUsd":58.92,"currencyCode":"EUR","paymentFeeAmountUsd":0,"bookingFee":0,"bookingFeeUsd":0,"totalBookingFee":0,"totalBookingFeeUsd":0},"providerCode":"f.wego.com","handoffUrl":"https://www.wego.com/flights/searches/LIS-ORY-2023-04-21:ORY-LIS-2023-04-25/economy/1a/55d31fb6e0d70bdmsr:TO7649~21=TO7660~25/55d31fb6e0d70bdmsr:f_wego_com:a303b8d2480e989a?ulang=en&placement_type=integrated_booking&app_client=olympias","ecpc":0,"remainingSeatsCount":0,"conditionIds":[],"legConditionIds":[],"refundable":false,"exchangeable":false,"penaltyInfos":[],"tags":[],"tripId":"55d31fb6e0d70bdmsr:TO7649~21=TO7660~25"},{"paymentFees":[{"paymentMethodId":15,"currencyCode":"EUR","amount":0,"amountUsd":0},{"paymentMethodId":10,"currencyCode":"EUR","amount":0,"amountUsd":0}],"id":"55d31fb6e0d70bdmsr:worldwide.easyjet.com:c4e2d3e5c408bb9d","price":{"totalAmount":557,"totalAmountUsd":611.5618,"amount":557,"amountUsd":611.5618,"originalAmount":557.46,"originalAmountUsd":611.5618,"amountPerAdult":0,"amountPerChild":0,"amountPerInfant":0,"taxAmount":0,"taxAmountUsd":0,"totalTaxAmount":0,"totalTaxAmountUsd":0,"currencyCode":"EUR","paymentFeeAmountUsd":0,"bookingFee":0,"bookingFeeUsd":0,"totalBookingFee":0,"totalBookingFeeUsd":0},"providerCode":"worldwide.easyjet.com","handoffUrl":"https://handoff.wego.com/flights/continue?currency=EUR&url_locale=en&site_code=US&device_type=desktop&app_type=WEB_APP&domain=www.wego.com&fare_id=55d31fb6e0d70bdmsr:worldwide.easyjet.com:c4e2d3e5c408bb9d&route=LIS-ORY&search_id=55d31fb6e0d70bdmsr&trip_id=LIS:ORY:2023-04-21:ORY:LIS:2023-04-25&pwa=false&api_version=2&integration_code=worldwide.easyjet.com&region=ap-southeast-1&placement_type=metasearch","ecpc":0,"remainingSeatsCount":0,"conditionIds":[],"legConditionIds":[],"refundable":false,"exchangeable":false,"tags":[],"tripId":"55d31fb6e0d70bdmsr:U22868~21-U27353~21=U21636~25-U27612~25"},{"paymentFees":[{"paymentMethodId":10,"currencyCode":"EUR","amount":0,"amountUsd":0},{"paymentMethodId":15,"currencyCode":"EUR","amount":33.63,"amountUsd":36.87368}],"id":"55d31fb6e0d70bdmsr:f.wego.com:83f26a0f57dbd87d","price":{"totalAmount":560,"totalAmountUsd":614.56134,"amount":560,"amountUsd":614.56134,"originalAmount":560.4689,"originalAmountUsd":614.56134,"amountPerAdult":554.5945,"amountPerChild":0,"amountPerInfant":0,"taxAmount":53.73398,"taxAmountUsd":58.92,"totalTaxAmount":53.73398,"totalTaxAmountUsd":58.92,"currencyCode":"EUR","paymentFeeAmountUsd":0,"bookingFee":0,"bookingFeeUsd":0,"totalBookingFee":0,"totalBookingFeeUsd":0},"providerCode":"f.wego.com","handoffUrl":"https://www.wego.com/flights/searches/LIS-ORY-2023-04-21:ORY-LIS-2023-04-25/economy/1a/55d31fb6e0d70bdmsr:TO7649~21=TO7640~25/55d31fb6e0d70bdmsr:f_wego_com:83f26a0f57dbd87d?ulang=en&placement_type=integrated_booking&app_client=olympias","ecpc":0,"remainingSeatsCount":0,"conditionIds":[],"legConditionIds":[],"refundable":false,"exchangeable":false,"penaltyInfos":[],"tags":[],"tripId":"55d31fb6e0d70bdmsr:TO7649~21=TO7640~25"},{"paymentFees":[{"paymentMethodId":15,"currencyCode":"EUR","amount":0,"amountUsd":0},{"paymentMethodId":10,"currencyCode":"EUR","amount":0,"amountUsd":0}],"id":"55d31fb6e0d70bdmsr:worldwide.easyjet.com:692339a476fb2dd1","price":{"totalAmount":569,"totalAmountUsd":623.98047,"amount":569,"amountUsd":623.98047,"originalAmount":568.78,"originalAmountUsd":623.98047,"amountPerAdult":0,"amountPerChild":0,"amountPerInfant":0,"taxAmount":0,"taxAmountUsd":0,"totalTaxAmount":0,"totalTaxAmountUsd":0,"currencyCode":"EUR","paymentFeeAmountUsd":0,"bookingFee":0,"bookingFeeUsd":0,"totalBookingFee":0,"totalBookingFeeUsd":0},"providerCode":"worldwide.easyjet.com","handoffUrl":"https://handoff.wego.com/flights/continue?currency=EUR&url_locale=en&site_code=US&device_type=desktop&app_type=WEB_APP&domain=www.wego.com&fare_id=55d31fb6e0d70bdmsr:worldwide.easyjet.com:692339a476fb2dd1&route=LIS-ORY&search_id=55d31fb6e0d70bdmsr&trip_id=LIS:ORY:2023-04-21:ORY:LIS:2023-04-25&pwa=false&api_version=2&integration_code=worldwide.easyjet.com&region=ap-southeast-1&placement_type=metasearch","ecpc":0,"remainingSeatsCount":0,"conditionIds":[],"legConditionIds":[],"refundable":false,"exchangeable":false,"tags":[],"tripId":"55d31fb6e0d70bdmsr:U22868~21-U27353~21=U24863~25-U27612~25"},{"paymentFees":[{"paymentMethodId":10,"currencyCode":"EUR","amount":0,"amountUsd":0},{"paymentMethodId":15,"currencyCode":"EUR","amount":35.39,"amountUsd":38.803345}],"id":"55d31fb6e0d70bdmsr:f.wego.com:8a82b7823f3cb4d8","price":{"totalAmount":590,"totalAmountUsd":646.7224,"amount":590,"amountUsd":646.7224,"originalAmount":589.7992,"originalAmountUsd":646.7224,"amountPerAdult":583.6776,"amountPerChild":0,"amountPerInfant":0,"taxAmount":53.73398,"taxAmountUsd":58.92,"totalTaxAmount":53.73398,"totalTaxAmountUsd":58.92,"currencyCode":"EUR","paymentFeeAmountUsd":0,"bookingFee":0,"bookingFeeUsd":0,"totalBookingFee":0,"totalBookingFeeUsd":0},"providerCode":"f.wego.com","handoffUrl":"https://www.wego.com/flights/searches/LIS-ORY-2023-04-21:ORY-LIS-2023-04-25/economy/1a/55d31fb6e0d70bdmsr:TO7649~21=TO7658~25/55d31fb6e0d70bdmsr:f_wego_com:8a82b7823f3cb4d8?ulang=en&placement_type=integrated_booking&app_client=olympias","ecpc":0,"remainingSeatsCount":0,"conditionIds":[],"legConditionIds":[],"refundable":false,"exchangeable":false,"penaltyInfos":[],"tags":[],"tripId":"55d31fb6e0d70bdmsr:TO7649~21=TO7658~25"}],"filters":{"minPrice":{"totalAmount":439,"totalAmountUsd":481.82462,"amount":439,"amountUsd":481.82462,"originalAmount":439.2,"originalAmountUsd":481.82462,"amountPerAdult":0,"amountPerChild":0,"amountPerInfant":0,"taxAmount":0,"taxAmountUsd":0,"totalTaxAmount":0,"totalTaxAmountUsd":0,"currencyCode":"EUR","paymentFeeAmountUsd":0,"bookingFee":0,"bookingFeeUsd":0,"totalBookingFee":0,"totalBookingFeeUsd":0},"maxPrice":{"totalAmount":590,"totalAmountUsd":646.7224,"amount":590,"amountUsd":646.7224,"originalAmount":589.7992,"originalAmountUsd":646.7224,"amountPerAdult":583.6776,"amountPerChild":0,"amountPerInfant":0,"taxAmount":53.73398,"taxAmountUsd":58.92,"totalTaxAmount":53.73398,"totalTaxAmountUsd":58.92,"currencyCode":"EUR","paymentFeeAmountUsd":0,"bookingFee":0,"bookingFeeUsd":0,"totalBookingFee":0,"totalBookingFeeUsd":0},"stops":[{"code":"ONE_STOP","price":{"totalAmount":439,"totalAmountUsd":481.82462,"amount":439,"amountUsd":481.82462,"originalAmount":439.2,"originalAmountUsd":481.82462,"amountPerAdult":0,"amountPerChild":0,"amountPerInfant":0,"taxAmount":0,"taxAmountUsd":0,"totalTaxAmount":0,"totalTaxAmountUsd":0,"currencyCode":"EUR","paymentFeeAmountUsd":0,"bookingFee":0,"bookingFeeUsd":0,"totalBookingFee":0,"totalBookingFeeUsd":0}},{"code":"DIRECT","price":{"totalAmount":493,"totalAmountUsd":540.26514,"amount":493,"amountUsd":540.26514,"originalAmount":492.71207,"originalAmountUsd":540.26514,"amountPerAdult":487.40878,"amountPerChild":0,"amountPerInfant":0,"taxAmount":53.7431,"taxAmountUsd":58.93,"totalTaxAmount":53.7431,"totalTaxAmountUsd":58.93,"currencyCode":"EUR","paymentFeeAmountUsd":0,"bookingFee":0,"bookingFeeUsd":0,"totalBookingFee":0,"totalBookingFeeUsd":0}}],"airlines":[{"code":"TO","price":{"totalAmount":493,"totalAmountUsd":540.26514,"amount":493,"amountUsd":540.26514,"originalAmount":492.71207,"originalAmountUsd":540.26514,"amountPerAdult":487.40878,"amountPerChild":0,"amountPerInfant":0,"taxAmount":53.7431,"taxAmountUsd":58.93,"totalTaxAmount":53.7431,"totalTaxAmountUsd":58.93,"currencyCode":"EUR","paymentFeeAmountUsd":0,"bookingFee":0,"bookingFeeUsd":0,"totalBookingFee":0,"totalBookingFeeUsd":0}},{"code":"U2","price":{"totalAmount":439,"totalAmountUsd":481.82462,"amount":439,"amountUsd":481.82462,"originalAmount":439.2,"originalAmountUsd":481.82462,"amountPerAdult":0,"amountPerChild":0,"amountPerInfant":0,"taxAmount":0,"taxAmountUsd":0,"totalTaxAmount":0,"totalTaxAmountUsd":0,"currencyCode":"EUR","paymentFeeAmountUsd":0,"bookingFee":0,"bookingFeeUsd":0,"totalBookingFee":0,"totalBookingFeeUsd":0}}],"providers":[{"code":"f.wego.com","price":{"totalAmount":493,"totalAmountUsd":540.26514,"amount":493,"amountUsd":540.26514,"originalAmount":492.71207,"originalAmountUsd":540.26514,"amountPerAdult":487.40878,"amountPerChild":0,"amountPerInfant":0,"taxAmount":53.7431,"taxAmountUsd":58.93,"totalTaxAmount":53.7431,"totalTaxAmountUsd":58.93,"currencyCode":"EUR","paymentFeeAmountUsd":0,"bookingFee":0,"bookingFeeUsd":0,"totalBookingFee":0,"totalBookingFeeUsd":0}},{"code":"worldwide.easyjet.com","price":{"totalAmount":439,"totalAmountUsd":481.82462,"amount":439,"amountUsd":481.82462,"originalAmount":439.2,"originalAmountUsd":481.82462,"amountPerAdult":0,"amountPerChild":0,"amountPerInfant":0,"taxAmount":0,"taxAmountUsd":0,"totalTaxAmount":0,"totalTaxAmountUsd":0,"currencyCode":"EUR","paymentFeeAmountUsd":0,"bookingFee":0,"bookingFeeUsd":0,"totalBookingFee":0,"totalBookingFeeUsd":0}}],"stopoverAirports":[{"code":"NCE","price":{"totalAmount":557,"totalAmountUsd":611.5618,"amount":557,"amountUsd":611.5618,"originalAmount":557.46,"originalAmountUsd":611.5618,"amountPerAdult":0,"amountPerChild":0,"amountPerInfant":0,"taxAmount":0,"taxAmountUsd":0,"totalTaxAmount":0,"totalTaxAmountUsd":0,"currencyCode":"EUR","paymentFeeAmountUsd":0,"bookingFee":0,"bookingFeeUsd":0,"totalBookingFee":0,"totalBookingFeeUsd":0}},{"code":"BRS","price":{"totalAmount":439,"totalAmountUsd":481.82462,"amount":439,"amountUsd":481.82462,"originalAmount":439.2,"originalAmountUsd":481.82462,"amountPerAdult":0,"amountPerChild":0,"amountPerInfant":0,"taxAmount":0,"taxAmountUsd":0,"totalTaxAmount":0,"totalTaxAmountUsd":0,"currencyCode":"EUR","paymentFeeAmountUsd":0,"bookingFee":0,"bookingFeeUsd":0,"totalBookingFee":0,"totalBookingFeeUsd":0}},{"code":"GVA","price":{"totalAmount":501,"totalAmountUsd":549.1177,"amount":501,"amountUsd":549.1177,"originalAmount":500.54,"originalAmountUsd":549.1177,"amountPerAdult":0,"amountPerChild":0,"amountPerInfant":0,"taxAmount":0,"taxAmountUsd":0,"totalTaxAmount":0,"totalTaxAmountUsd":0,"currencyCode":"EUR","paymentFeeAmountUsd":0,"bookingFee":0,"bookingFeeUsd":0,"totalBookingFee":0,"totalBookingFeeUsd":0}}],"stopoverDurations":{"min":0,"max":295},"originAirports":[{"code":"LIS","price":{"totalAmount":439,"totalAmountUsd":481.82462,"amount":439,"amountUsd":481.82462,"originalAmount":439.2,"originalAmountUsd":481.82462,"amountPerAdult":0,"amountPerChild":0,"amountPerInfant":0,"taxAmount":0,"taxAmountUsd":0,"totalTaxAmount":0,"totalTaxAmountUsd":0,"currencyCode":"EUR","paymentFeeAmountUsd":0,"bookingFee":0,"bookingFeeUsd":0,"totalBookingFee":0,"totalBookingFeeUsd":0}}],"destinationAirports":[{"code":"ORY","price":{"totalAmount":439,"totalAmountUsd":481.82462,"amount":439,"amountUsd":481.82462,"originalAmount":439.2,"originalAmountUsd":481.82462,"amountPerAdult":0,"amountPerChild":0,"amountPerInfant":0,"taxAmount":0,"taxAmountUsd":0,"totalTaxAmount":0,"totalTaxAmountUsd":0,"currencyCode":"EUR","paymentFeeAmountUsd":0,"bookingFee":0,"bookingFeeUsd":0,"totalBookingFee":0,"totalBookingFeeUsd":0}}],"tripDurations":{"min":150,"max":530},"legs":[{"departureAirportCode":"LIS","arrivalAirportCode":"ORY","departureCityCode":"LIS","arrivalCityCode":"PAR","index":0,"departureTimes":{"min":600,"max":1125},"arrivalTimes":{"min":1110,"max":1335},"durations":{"min":150,"max":450},"stops":[{"code":"ONE_STOP","price":{"totalAmount":439,"totalAmountUsd":481.82462,"amount":439,"amountUsd":481.82462,"originalAmount":439.2,"originalAmountUsd":481.82462,"amountPerAdult":0,"amountPerChild":0,"amountPerInfant":0,"taxAmount":0,"taxAmountUsd":0,"totalTaxAmount":0,"totalTaxAmountUsd":0,"currencyCode":"EUR","paymentFeeAmountUsd":0,"bookingFee":0,"bookingFeeUsd":0,"totalBookingFee":0,"totalBookingFeeUsd":0}},{"code":"DIRECT","price":{"totalAmount":493,"totalAmountUsd":540.26514,"amount":493,"amountUsd":540.26514,"originalAmount":492.71207,"originalAmountUsd":540.26514,"amountPerAdult":487.40878,"amountPerChild":0,"amountPerInfant":0,"taxAmount":53.7431,"taxAmountUsd":58.93,"totalTaxAmount":53.7431,"totalTaxAmountUsd":58.93,"currencyCode":"EUR","paymentFeeAmountUsd":0,"bookingFee":0,"bookingFeeUsd":0,"totalBookingFee":0,"totalBookingFeeUsd":0}}],"stopoverDurations":{"min":0,"max":215},"stopoverAirports":[{"code":"BRS","price":{"totalAmount":439,"totalAmountUsd":481.82462,"amount":439,"amountUsd":481.82462,"originalAmount":439.2,"originalAmountUsd":481.82462,"amountPerAdult":0,"amountPerChild":0,"amountPerInfant":0,"taxAmount":0,"taxAmountUsd":0,"totalTaxAmount":0,"totalTaxAmountUsd":0,"currencyCode":"EUR","paymentFeeAmountUsd":0,"bookingFee":0,"bookingFeeUsd":0,"totalBookingFee":0,"totalBookingFeeUsd":0}}],"airlines":[{"code":"TO","price":{"totalAmount":493,"totalAmountUsd":540.26514,"amount":493,"amountUsd":540.26514,"originalAmount":492.71207,"originalAmountUsd":540.26514,"amountPerAdult":487.40878,"amountPerChild":0,"amountPerInfant":0,"taxAmount":53.7431,"taxAmountUsd":58.93,"totalTaxAmount":53.7431,"totalTaxAmountUsd":58.93,"currencyCode":"EUR","paymentFeeAmountUsd":0,"bookingFee":0,"bookingFeeUsd":0,"totalBookingFee":0,"totalBookingFeeUsd":0}},{"code":"U2","price":{"totalAmount":439,"totalAmountUsd":481.82462,"amount":439,"amountUsd":481.82462,"originalAmount":439.2,"originalAmountUsd":481.82462,"amountPerAdult":0,"amountPerChild":0,"amountPerInfant":0,"taxAmount":0,"taxAmountUsd":0,"totalTaxAmount":0,"totalTaxAmountUsd":0,"currencyCode":"EUR","paymentFeeAmountUsd":0,"bookingFee":0,"bookingFeeUsd":0,"totalBookingFee":0,"totalBookingFeeUsd":0}}]},{"departureAirportCode":"ORY","arrivalAirportCode":"LIS","departureCityCode":"PAR","arrivalCityCode":"LIS","index":1,"departureTimes":{"min":435,"max":1285},"arrivalTimes":{"min":535,"max":1385},"durations":{"min":160,"max":530},"stops":[{"code":"ONE_STOP","price":{"totalAmount":439,"totalAmountUsd":481.82462,"amount":439,"amountUsd":481.82462,"originalAmount":439.2,"originalAmountUsd":481.82462,"amountPerAdult":0,"amountPerChild":0,"amountPerInfant":0,"taxAmount":0,"taxAmountUsd":0,"totalTaxAmount":0,"totalTaxAmountUsd":0,"currencyCode":"EUR","paymentFeeAmountUsd":0,"bookingFee":0,"bookingFeeUsd":0,"totalBookingFee":0,"totalBookingFeeUsd":0}},{"code":"DIRECT","price":{"totalAmount":493,"totalAmountUsd":540.26514,"amount":493,"amountUsd":540.26514,"originalAmount":492.71207,"originalAmountUsd":540.26514,"amountPerAdult":487.40878,"amountPerChild":0,"amountPerInfant":0,"taxAmount":53.7431,"taxAmountUsd":58.93,"totalTaxAmount":53.7431,"totalTaxAmountUsd":58.93,"currencyCode":"EUR","paymentFeeAmountUsd":0,"bookingFee":0,"bookingFeeUsd":0,"totalBookingFee":0,"totalBookingFeeUsd":0}}],"stopoverDurations":{"min":0,"max":295},"stopoverAirports":[{"code":"NCE","price":{"totalAmount":557,"totalAmountUsd":611.5618,"amount":557,"amountUsd":611.5618,"originalAmount":557.46,"originalAmountUsd":611.5618,"amountPerAdult":0,"amountPerChild":0,"amountPerInfant":0,"taxAmount":0,"taxAmountUsd":0,"totalTaxAmount":0,"totalTaxAmountUsd":0,"currencyCode":"EUR","paymentFeeAmountUsd":0,"bookingFee":0,"bookingFeeUsd":0,"totalBookingFee":0,"totalBookingFeeUsd":0}},{"code":"BRS","price":{"totalAmount":439,"totalAmountUsd":481.82462,"amount":439,"amountUsd":481.82462,"originalAmount":439.2,"originalAmountUsd":481.82462,"amountPerAdult":0,"amountPerChild":0,"amountPerInfant":0,"taxAmount":0,"taxAmountUsd":0,"totalTaxAmount":0,"totalTaxAmountUsd":0,"currencyCode":"EUR","paymentFeeAmountUsd":0,"bookingFee":0,"bookingFeeUsd":0,"totalBookingFee":0,"totalBookingFeeUsd":0}},{"code":"GVA","price":{"totalAmount":501,"totalAmountUsd":549.1177,"amount":501,"amountUsd":549.1177,"originalAmount":500.54,"originalAmountUsd":549.1177,"amountPerAdult":0,"amountPerChild":0,"amountPerInfant":0,"taxAmount":0,"taxAmountUsd":0,"totalTaxAmount":0,"totalTaxAmountUsd":0,"currencyCode":"EUR","paymentFeeAmountUsd":0,"bookingFee":0,"bookingFeeUsd":0,"totalBookingFee":0,"totalBookingFeeUsd":0}}],"airlines":[{"code":"TO","price":{"totalAmount":493,"totalAmountUsd":540.26514,"amount":493,"amountUsd":540.26514,"originalAmount":492.71207,"originalAmountUsd":540.26514,"amountPerAdult":487.40878,"amountPerChild":0,"amountPerInfant":0,"taxAmount":53.7431,"taxAmountUsd":58.93,"totalTaxAmount":53.7431,"totalTaxAmountUsd":58.93,"currencyCode":"EUR","paymentFeeAmountUsd":0,"bookingFee":0,"bookingFeeUsd":0,"totalBookingFee":0,"totalBookingFeeUsd":0}},{"code":"U2","price":{"totalAmount":439,"totalAmountUsd":481.82462,"amount":439,"amountUsd":481.82462,"originalAmount":439.2,"originalAmountUsd":481.82462,"amountPerAdult":0,"amountPerChild":0,"amountPerInfant":0,"taxAmount":0,"taxAmountUsd":0,"totalTaxAmount":0,"totalTaxAmountUsd":0,"currencyCode":"EUR","paymentFeeAmountUsd":0,"bookingFee":0,"bookingFeeUsd":0,"totalBookingFee":0,"totalBookingFeeUsd":0}}]}],"alliances":[{"code":"lcc","price":{"totalAmount":439,"totalAmountUsd":481.82462,"amount":439,"amountUsd":481.82462,"originalAmount":439.2,"originalAmountUsd":481.82462,"amountPerAdult":0,"amountPerChild":0,"amountPerInfant":0,"taxAmount":0,"taxAmountUsd":0,"totalTaxAmount":0,"totalTaxAmountUsd":0,"currencyCode":"EUR","paymentFeeAmountUsd":0,"bookingFee":0,"bookingFeeUsd":0,"totalBookingFee":0,"totalBookingFeeUsd":0}}],"fareConditions":[]},"routeSponsors":[{"priority":0,"fare":{"paymentFees":[{"paymentMethodId":15,"currencyCode":"EUR","amount":0,"amountUsd":0},{"paymentMethodId":10,"currencyCode":"EUR","amount":0,"amountUsd":0}],"id":"55d31fb6e0d70bdmsr:worldwide.easyjet.com:692339a476fb2dd1","price":{"totalAmount":569,"totalAmountUsd":623.98047,"amount":569,"amountUsd":623.98047,"originalAmount":568.78,"originalAmountUsd":623.98047,"amountPerAdult":0,"amountPerChild":0,"amountPerInfant":0,"taxAmount":0,"taxAmountUsd":0,"totalTaxAmount":0,"totalTaxAmountUsd":0,"currencyCode":"EUR","paymentFeeAmountUsd":0,"bookingFee":0,"bookingFeeUsd":0,"totalBookingFee":0,"totalBookingFeeUsd":0},"providerCode":"worldwide.easyjet.com","handoffUrl":"https://handoff.wego.com/flights/continue?currency=EUR&url_locale=en&site_code=US&device_type=desktop&app_type=WEB_APP&domain=www.wego.com&fare_id=55d31fb6e0d70bdmsr:worldwide.easyjet.com:692339a476fb2dd1&route=LIS-ORY&search_id=55d31fb6e0d70bdmsr&trip_id=LIS:ORY:2023-04-21:ORY:LIS:2023-04-25&pwa=false&api_version=2&integration_code=worldwide.easyjet.com&placement_type=metasearch","ecpc":0,"remainingSeatsCount":0,"conditionIds":[],"legConditionIds":[],"refundable":false,"exchangeable":false,"tags":[],"tripId":"55d31fb6e0d70bdmsr:U22868~21-U27353~21=U24863~25-U27612~25"}}],"scores":{"55d31fb6e0d70bdmsr:U22868~21-U27353~21=U24863~25-U27612~25":866.67,"55d31fb6e0d70bdmsr:U22868~21-U27353~21=U21636~25-U27612~25":878,"55d31fb6e0d70bdmsr:TO7649~21=TO7648~25":990,"55d31fb6e0d70bdmsr:U22868~21-U27353~21=U21338~25-U27642~25":886,"55d31fb6e0d70bdmsr:TO7649~21=TO7658~25":990,"55d31fb6e0d70bdmsr:U22868~21-U27353~21=U21723~25-U22867~25":871.5,"55d31fb6e0d70bdmsr:TO7649~21=TO7646~25":990,"55d31fb6e0d70bdmsr:TO7649~21=TO7640~25":990,"55d31fb6e0d70bdmsr:TO7649~21=TO7662~25":990,"55d31fb6e0d70bdmsr:TO7649~21=TO7660~25":990},"paymentMethods":[{"id":15,"name":"Visa Credit"},{"id":10,"name":"MasterCard Credit"}],"fareConditions":[],"faresCount":{"55d31fb6e0d70bdmsr:U22868~21-U27353~21=U24863~25-U27612~25":1,"55d31fb6e0d70bdmsr:U22868~21-U27353~21=U21636~25-U27612~25":1,"55d31fb6e0d70bdmsr:TO7649~21=TO7648~25":1,"55d31fb6e0d70bdmsr:TO7649~21=TO7658~25":1,"55d31fb6e0d70bdmsr:U22868~21-U27353~21=U21338~25-U27642~25":1,"55d31fb6e0d70bdmsr:TO7649~21=TO7640~25":1,"55d31fb6e0d70bdmsr:TO7649~21=TO7646~25":1,"55d31fb6e0d70bdmsr:U22868~21-U27353~21=U21723~25-U22867~25":1,"55d31fb6e0d70bdmsr:TO7649~21=TO7662~25":1,"55d31fb6e0d70bdmsr:TO7649~21=TO7660~25":1},"promosCount":{},"count":10,"sponsors":[]}