{"location":{"name":"Lisbon","region":"Lisboa","country":"Portugal","lat":38.72,"lon":-9.13,"tz_id":"Europe/Lisbon","localtime_epoch":1681919072,"localtime":"2023-04-19 16:44"},"current":{"last_updated_epoch":1681918200,"last_updated":"2023-04-19 16:30","temp_c":24.0,"temp_f":75.2,"is_day":1,"condition":{"text":"Sunny","icon":"//cdn.weatherapi.com/weather/64x64/day/113.png","code":1000},"wind_mph":10.5,"wind_kph":16.9,"wind_degree":310,"wind_dir":"NW","pressure_mb":1010.0,"pressure_in":29.83,"precip_mm":0.0,"precip_in":0.0,"humidity":41,"cloud":0,"feelslike_c":25.1,"feelslike_f":77.1,"vis_km":10.0,"vis_miles":6.0,"uv":6.0,"gust_mph":16.8,"gust_kph":27.0},"forecast":{"forecastday":[{"date":"2023-04-19","date_epoch":1681862400,"day":{"maxtemp_c":25.5,"maxtemp_f":77.9,"mintemp_c":14.7,"mintemp_f":58.5,"avgtemp_c":19.0,"avgtemp_f":66.2,"maxwind_mph":17.2,"maxwind_kph":27.7,"totalprecip_mm":0.0,"totalprecip_in":0.0,"totalsnow_cm":0.0,"avgvis_km":10.0,"avgvis_miles":6.0,"avghumidity":56.0,"daily_will_it_rain":0,"daily_chance_of_rain":0,"daily_will_it_snow":0,"daily_chance_of_snow":0,"condition":{"text":"Sunny","icon":"//cdn.weatherapi.com/weather/64x64/day/113.png","code":1000},"uv":5.0},"astro":{"sunrise":"06:55 AM","sunset":"08:17 PM","moonrise":"06:36 AM","moonset":"07:45 PM","moon_phase":"Waning Crescent","moon_illumination":"2","is_moon_up":0,"is_sun_up":0},"hour":[{"time_epoch":1681858800,"time":"2023-04-19 00:00","temp_c":17.5,"temp_f":63.5,"is_day":0,"condition":{"text":"Clear","icon":"//cdn.weatherapi.com/weather/64x64/night/113.png","code":1000},"wind_mph":5.8,"wind_kph":9.4,"wind_degree":359,"wind_dir":"N","pressure_mb":1009.0,"pressure_in":29.79,"precip_mm":0.0,"precip_in":0.0,"humidity":52,"cloud":22,"feelslike_c":17.5,"feelslike_f":63.5,"windchill_c":17.5,"windchill_f":63.5,"heatindex_c":17.5,"heatindex_f":63.5,"dewpoint_c":7.6,"dewpoint_f":45.7,"will_it_rain":0,"chance_of_rain":0,"will_it_snow":0,"chance_of_snow":0,"vis_km":10.0,"vis_miles":6.0,"gust_mph":12.3,"gust_kph":19.8,"uv":1.0},{"time_epoch":1681862400,"time":"2023-04-19 01:00","temp_c":16.8,"temp_f":62.2,"is_day":0,"condition":{"text":"Partly cloudy","icon":"//cdn.weatherapi.com/weather/64x64/night/116.png","code":1003},"wind_mph":4.7,"wind_kph":7.6,"wind_degree":2,"wind_dir":"N","pressure_mb":1009.0,"pressure_in":29.8,"precip_mm":0.0,"precip_in":0.0,"humidity":54,"cloud":36,"feelslike_c":16.8,"feelslike_f":62.2,"windchill_c":16.8,"windchill_f":62.2,"heatindex_c":16.8,"heatindex_f":62.2,"dewpoint_c":7.5,"dewpoint_f":45.5,"will_it_rain":0,"chance_of_rain":0,"will_it_snow":0,"chance_of_snow":0,"vis_km":10.0,"vis_miles":6.0,"gust_mph":9.8,"gust_kph":15.8,"uv":1.0},{"time_epoch":1681866000,"time":"2023-04-19 02:00","temp_c":16.3,"temp_f":61.3,"is_day":0,"condition":{"text":"Partly cloudy","icon":"//cdn.weatherapi.com/weather/64x64/night/116.png","code":1003},"wind_mph":4.0,"wind_kph":6.5,"wind_degree":356,"wind_dir":"N","pressure_mb":1009.0,"pressure_in":29.79,"precip_mm":0.0,"precip_in":0.0,"humidity":56,"cloud":60,"feelslike_c":16.3,"feelslike_f":61.3,"windchill_c":16.3,"windchill_f":61.3,"heatindex_c":16.3,"heatindex_f":61.3,"dewpoint_c":7.5,"dewpoint_f":45.5,"will_it_rain":0,"chance_of_rain":0,"will_it_snow":0,"chance_of_snow":0,"vis_km":10.0,"vis_miles":6.0,"gust_mph":8.5,"gust_kph":13.7,"uv":1.0},{"time_epoch":1681869600,"time":"2023-04-19 03:00","temp_c":16.2,"temp_f":61.2,"is_day":0,"condition":{"text":"Cloudy","icon":"//cdn.weatherapi.com/weather/64x64/night/119.png","code":1006},"wind_mph":3.4,"wind_kph":5.4,"wind_degree":346,"wind_dir":"NNW","pressure_mb":1009.0,"pressure_in":29.79,"precip_mm":0.0,"precip_in":0.0,"humidity":56,"cloud":77,"feelslike_c":16.2,"feelslike_f":61.2,"windchill_c":16.2,"windchill_f":61.2,"heatindex_c":16.2,"heatindex_f":61.2,"dewpoint_c":7.5,"dewpoint_f":45.5,"will_it_rain":0,"chance_of_rain":0,"will_it_snow":0,"chance_of_snow":0,"vis_km":10.0,"vis_miles":6.0,"gust_mph":6.9,"gust_kph":11.2,"uv":1.0},{"time_epoch":1681873200,"time":"2023-04-19 04:00","temp_c":15.8,"temp_f":60.4,"is_day":0,"condition":{"text":"Clear","icon":"//cdn.weatherapi.com/weather/64x64/night/113.png","code":1000},"wind_mph":3.4,"wind_kph":5.4,"wind_degree":347,"wind_dir":"NNW","pressure_mb":1009.0,"pressure_in":29.79,"precip_mm":0.0,"precip_in":0.0,"humidity":58,"cloud":16,"feelslike_c":15.8,"feelslike_f":60.4,"windchill_c":15.8,"windchill_f":60.4,"heatindex_c":15.8,"heatindex_f":60.4,"dewpoint_c":7.7,"dewpoint_f":45.9,"will_it_rain":0,"chance_of_rain":0,"will_it_snow":0,"chance_of_snow":0,"vis_km":10.0,"vis_miles":6.0,"gust_mph":6.9,"gust_kph":11.2,"uv":1.0},{"time_epoch":1681876800,"time":"2023-04-19 05:00","temp_c":15.6,"temp_f":60.1,"is_day":0,"condition":{"text":"Partly cloudy","icon":"//cdn.weatherapi.com/weather/64x64/night/116.png","code":1003},"wind_mph":3.4,"wind_kph":5.4,"wind_degree":0,"wind_dir":"N","pressure_mb":1009.0,"pressure_in":29.79,"precip_mm":0.0,"precip_in":0.0,"humidity":57,"cloud":32,"feelslike_c":15.6,"feelslike_f":60.1,"windchill_c":15.6,"windchill_f":60.1,"heatindex_c":15.6,"heatindex_f":60.1,"dewpoint_c":7.2,"dewpoint_f":45.0,"will_it_rain":0,"chance_of_rain":0,"will_it_snow":0,"chance_of_snow":0,"vis_km":10.0,"vis_miles":6.0,"gust_mph":6.9,"gust_kph":11.2,"uv":1.0},{"time_epoch":1681880400,"time":"2023-04-19 06:00","temp_c":15.2,"temp_f":59.4,"is_day":0,"condition":{"text":"Partly cloudy","icon":"//cdn.weatherapi.com/weather/64x64/night/116.png","code":1003},"wind_mph":3.8,"wind_kph":6.1,"wind_degree":4,"wind_dir":"N","pressure_mb":1009.0,"pressure_in":29.8,"precip_mm":0.0,"precip_in":0.0,"humidity":58,"cloud":57,"feelslike_c":15.2,"feelslike_f":59.4,"windchill_c":15.2,"windchill_f":59.4,"heatindex_c":15.2,"heatindex_f":59.4,"dewpoint_c":7.0,"dewpoint_f":44.6,"will_it_rain":0,"chance_of_rain":0,"will_it_snow":0,"chance_of_snow":0,"vis_km":10.0,"vis_miles":6.0,"gust_mph":7.6,"gust_kph":12.2,"uv":1.0},{"time_epoch":1681884000,"time":"2023-04-19 07:00","temp_c":14.9,"temp_f":58.8,"is_day":1,"condition":{"text":"Partly cloudy","icon":"//cdn.weatherapi.com/weather/64x64/day/116.png","code":1003},"wind_mph":3.4,"wind_kph":5.4,"wind_degree":3,"wind_dir":"N","pressure_mb":1009.0,"pressure_in":29.8,"precip_mm":0.0,"precip_in":0.0,"humidity":59,"cloud":49,"feelslike_c":15.2,"feelslike_f":59.4,"windchill_c":15.2,"windchill_f":59.4,"heatindex_c":14.9,"heatindex_f":58.8,"dewpoint_c":7.0,"dewpoint_f":44.6,"will_it_rain":0,"chance_of_rain":0,"will_it_snow":0,"chance_of_snow":0,"vis_km":10.0,"vis_miles":6.0,"gust_mph":6.7,"gust_kph":10.8,"uv":4.0},{"time_epoch":1681887600,"time":"2023-04-19 08:00","temp_c":15.5,"temp_f":59.9,"is_day":1,"condition":{"text":"Partly cloudy","icon":"//cdn.weatherapi.com/weather/64x64/day/116.png","code":1003},"wind_mph":3.4,"wind_kph":5.4,"wind_degree":347,"wind_dir":"NNW","pressure_mb":1010.0,"pressure_in":29.82,"precip_mm":0.0,"precip_in":0.0,"humidity":59,"cloud":32,"feelslike_c":15.5,"feelslike_f":59.9,"windchill_c":15.5,"windchill_f":59.9,"heatindex_c":15.5,"heatindex_f":59.9,"dewpoint_c":7.6,"dewpoint_f":45.7,"will_it_rain":0,"chance_of_rain":0,"will_it_snow":0,"chance_of_snow":0,"vis_km":10.0,"vis_miles":6.0,"gust_mph":5.8,"gust_kph":9.4,"uv":5.0},{"time_epoch":1681891200,"time":"2023-04-19 09:00","temp_c":17.2,"temp_f":63.0,"is_day":1,"condition":{"text":"Partly cloudy","icon":"//cdn.weatherapi.com/weather/64x64/day/116.png","code":1003},"wind_mph":4.3,"wind_kph":6.8,"wind_degree":350,"wind_dir":"N","pressure_mb":1010.0,"pressure_in":29.83,"precip_mm":0.0,"precip_in":0.0,"humidity":55,"cloud":32,"feelslike_c":17.2,"feelslike_f":63.0,"windchill_c":17.2,"windchill_f":63.0,"heatindex_c":17.2,"heatindex_f":63.0,"dewpoint_c":8.2,"dewpoint_f":46.8,"will_it_rain":0,"chance_of_rain":0,"will_it_snow":0,"chance_of_snow":0,"vis_km":10.0,"vis_miles":6.0,"gust_mph":5.6,"gust_kph":9.0,"uv":5.0},{"time_epoch":1681894800,"time":"2023-04-19 10:00","temp_c":18.9,"temp_f":66.0,"is_day":1,"condition":{"text":"Sunny","icon":"//cdn.weatherapi.com/weather/64x64/day/113.png","code":1000},"wind_mph":4.0,"wind_kph":6.5,"wind_degree":353,"wind_dir":"N","pressure_mb":1011.0,"pressure_in":29.84,"precip_mm":0.0,"precip_in":0.0,"humidity":51,"cloud":11,"feelslike_c":18.9,"feelslike_f":66.0,"windchill_c":18.9,"windchill_f":66.0,"heatindex_c":18.9,"heatindex_f":66.0,"dewpoint_c":8.4,"dewpoint_f":47.1,"will_it_rain":0,"chance_of_rain":0,"will_it_snow":0,"chance_of_snow":0,"vis_km":10.0,"vis_miles":6.0,"gust_mph":4.9,"gust_kph":7.9,"uv":5.0},{"time_epoch":1681898400,"time":"2023-04-19 11:00","temp_c":23.0,"temp_f":73.4,"is_day":1,"condition":{"text":"Sunny","icon":"//cdn.weatherapi.com/weather/64x64/day/113.png","code":1000},"wind_mph":3.8,"wind_kph":6.1,"wind_degree":343,"wind_dir":"NNW","pressure_mb":1011.0,"pressure_in":29.85,"precip_mm":0.0,"precip_in":0.0,"humidity":45,"cloud":1,"feelslike_c":24.6,"feelslike_f":76.3,"windchill_c":23.0,"windchill_f":73.4,"heatindex_c":24.6,"heatindex_f":76.3,"dewpoint_c":10.4,"dewpoint_f":50.7,"will_it_rain":0,"chance_of_rain":0,"will_it_snow":0,"chance_of_snow":0,"vis_km":10.0,"vis_miles":6.0,"gust_mph":4.5,"gust_kph":7.2,"uv":6.0},{"time_epoch":1681902000,"time":"2023-04-19 12:00","temp_c":24.4,"temp_f":75.9,"is_day":1,"condition":{"text":"Sunny","icon":"//cdn.weatherapi.com/weather/64x64/day/113.png","code":1000},"wind_mph":4.5,"wind_kph":7.2,"wind_degree":326,"wind_dir":"NNW","pressure_mb":1011.0,"pressure_in":29.85,"precip_mm":0.0,"precip_in":0.0,"humidity":41,"cloud":0,"feelslike_c":25.1,"feelslike_f":77.2,"windchill_c":24.4,"windchill_f":75.9,"heatindex_c":25.1,"heatindex_f":77.2,"dewpoint_c":10.4,"dewpoint_f":50.7,"will_it_rain":0,"chance_of_rain":0,"will_it_snow":0,"chance_of_snow":0,"vis_km":10.0,"vis_miles":6.0,"gust_mph":5.1,"gust_kph":8.3,"uv":6.0},{"time_epoch":1681905600,"time":"2023-04-19 13:00","temp_c":24.8,"temp_f":76.6,"is_day":1,"condition":{"text":"Sunny","icon":"//cdn.weatherapi.com/weather/64x64/day/113.png","code":1000},"wind_mph":6.0,"wind_kph":9.7,"wind_degree":311,"wind_dir":"NW","pressure_mb":1011.0,"pressure_in":29.84,"precip_mm":0.0,"precip_in":0.0,"humidity":40,"cloud":0,"feelslike_c":25.2,"feelslike_f":77.4,"windchill_c":24.8,"windchill_f":76.6,"heatindex_c":25.2,"heatindex_f":77.4,"dewpoint_c":10.4,"dewpoint_f":50.7,"will_it_rain":0,"chance_of_rain":0,"will_it_snow":0,"chance_of_snow":0,"vis_km":10.0,"vis_miles":6.0,"gust_mph":6.9,"gust_kph":11.2,"uv":6.0},{"time_epoch":1681909200,"time":"2023-04-19 14:00","temp_c":24.4,"temp_f":75.9,"is_day":1,"condition":{"text":"Sunny","icon":"//cdn.weatherapi.com/weather/64x64/day/113.png","code":1000},"wind_mph":8.5,"wind_kph":13.7,"wind_degree":308,"wind_dir":"NW","pressure_mb":1010.0,"pressure_in":29.83,"precip_mm":0.0,"precip_in":0.0,"humidity":40,"cloud":0,"feelslike_c":25.0,"feelslike_f":77.0,"windchill_c":24.4,"windchill_f":75.9,"heatindex_c":25.0,"heatindex_f":77.0,"dewpoint_c":10.0,"dewpoint_f":50.0,"will_it_rain":0,"chance_of_rain":0,"will_it_snow":0,"chance_of_snow":0,"vis_km":10.0,"vis_miles":6.0,"gust_mph":9.8,"gust_kph":15.8,"uv":6.0},{"time_epoch":1681912800,"time":"2023-04-19 15:00","temp_c":25.5,"temp_f":77.9,"is_day":1,"condition":{"text":"Sunny","icon":"//cdn.weatherapi.com/weather/64x64/day/113.png","code":1000},"wind_mph":13.2,"wind_kph":21.2,"wind_degree":312,"wind_dir":"NW","pressure_mb":1010.0,"pressure_in":29.83,"precip_mm":0.0,"precip_in":0.0,"humidity":44,"cloud":0,"feelslike_c":25.9,"feelslike_f":78.6,"windchill_c":25.5,"windchill_f":77.9,"heatindex_c":25.9,"heatindex_f":78.6,"dewpoint_c":12.3,"dewpoint_f":54.1,"will_it_rain":0,"chance_of_rain":0,"will_it_snow":0,"chance_of_snow":0,"vis_km":10.0,"vis_miles":6.0,"gust_mph":15.2,"gust_kph":24.5,"uv":7.0},{"time_epoch":1681916400,"time":"2023-04-19 16:00","temp_c":24.6,"temp_f":76.3,"is_day":1,"condition":{"text":"Sunny","icon":"//cdn.weatherapi.com/weather/64x64/day/113.png","code":1000},"wind_mph":14.5,"wind_kph":23.4,"wind_degree":315,"wind_dir":"NW","pressure_mb":1010.0,"pressure_in":29.83,"precip_mm":0.0,"precip_in":0.0,"humidity":47,"cloud":0,"feelslike_c":25.4,"feelslike_f":77.7,"windchill_c":24.6,"windchill_f":76.3,"heatindex_c":25.4,"heatindex_f":77.7,"dewpoint_c":12.4,"dewpoint_f":54.3,"will_it_rain":0,"chance_of_rain":0,"will_it_snow":0,"chance_of_snow":0,"vis_km":10.0,"vis_miles":6.0,"gust_mph":16.8,"gust_kph":27.0,"uv":6.0},{"time_epoch":1681920000,"time":"2023-04-19 17:00","temp_c":24.1,"temp_f":75.4,"is_day":1,"condition":{"text":"Sunny","icon":"//cdn.weatherapi.com/weather/64x64/day/113.png","code":1000},"wind_mph":14.1,"wind_kph":22.7,"wind_degree":317,"wind_dir":"NW","pressure_mb":1010.0,"pressure_in":29.83,"precip_mm":0.0,"precip_in":0.0,"humidity":48,"cloud":0,"feelslike_c":25.2,"feelslike_f":77.4,"windchill_c":24.1,"windchill_f":75.4,"heatindex_c":25.2,"heatindex_f":77.4,"dewpoint_c":12.4,"dewpoint_f":54.3,"will_it_rain":0,"chance_of_rain":0,"will_it_snow":0,"chance_of_snow":0,"vis_km":10.0,"vis_miles":6.0,"gust_mph":16.1,"gust_kph":25.9,"uv":6.0},{"time_epoch":1681923600,"time":"2023-04-19 18:00","temp_c":23.2,"temp_f":73.8,"is_day":1,"condition":{"text":"Sunny","icon":"//cdn.weatherapi.com/weather/64x64/day/113.png","code":1000},"wind_mph":13.2,"wind_kph":21.2,"wind_degree":319,"wind_dir":"NW","pressure_mb":1010.0,"pressure_in":29.84,"precip_mm":0.0,"precip_in":0.0,"humidity":51,"cloud":0,"feelslike_c":24.8,"feelslike_f":76.6,"windchill_c":23.2,"windchill_f":73.8,"heatindex_c":24.8,"heatindex_f":76.6,"dewpoint_c":12.6,"dewpoint_f":54.7,"will_it_rain":0,"chance_of_rain":0,"will_it_snow":0,"chance_of_snow":0,"vis_km":10.0,"vis_miles":6.0,"gust_mph":15.2,"gust_kph":24.5,"uv":6.0},{"time_epoch":1681927200,"time":"2023-04-19 19:00","temp_c":20.1,"temp_f":68.2,"is_day":1,"condition":{"text":"Partly cloudy","icon":"//cdn.weatherapi.com/weather/64x64/day/116.png","code":1003},"wind_mph":12.8,"wind_kph":20.5,"wind_degree":320,"wind_dir":"NW","pressure_mb":1011.0,"pressure_in":29.85,"precip_mm":0.0,"precip_in":0.0,"humidity":59,"cloud":33,"feelslike_c":20.1,"feelslike_f":68.2,"windchill_c":20.1,"windchill_f":68.2,"heatindex_c":20.1,"heatindex_f":68.2,"dewpoint_c":11.7,"dewpoint_f":53.1,"will_it_rain":0,"chance_of_rain":0,"will_it_snow":0,"chance_of_snow":0,"vis_km":10.0,"vis_miles":6.0,"gust_mph":14.8,"gust_kph":23.8,"uv":6.0},{"time_epoch":1681930800,"time":"2023-04-19 20:00","temp_c":17.0,"temp_f":62.6,"is_day":1,"condition":{"text":"Overcast","icon":"//cdn.weatherapi.com/weather/64x64/day/122.png","code":1009},"wind_mph":13.2,"wind_kph":21.2,"wind_degree":316,"wind_dir":"NW","pressure_mb":1011.0,"pressure_in":29.86,"precip_mm":0.0,"precip_in":0.0,"humidity":70,"cloud":100,"feelslike_c":17.0,"feelslike_f":62.6,"windchill_c":17.0,"windchill_f":62.6,"heatindex_c":17.0,"heatindex_f":62.6,"dewpoint_c":11.6,"dewpoint_f":52.9,"will_it_rain":0,"chance_of_rain":0,"will_it_snow":0,"chance_of_snow":0,"vis_km":10.0,"vis_miles":6.0,"gust_mph":18.1,"gust_kph":29.2,"uv":4.0},{"time_epoch":1681934400,"time":"2023-04-19 21:00","temp_c":15.8,"temp_f":60.4,"is_day":0,"condition":{"text":"Clear","icon":"//cdn.weatherapi.com/weather/64x64/night/113.png","code":1000},"wind_mph":17.2,"wind_kph":27.7,"wind_degree":320,"wind_dir":"NW","pressure_mb":1012.0,"pressure_in":29.88,"precip_mm":0.0,"precip_in":0.0,"humidity":80,"cloud":9,"feelslike_c":15.8,"feelslike_f":60.4,"windchill_c":15.8,"windchill_f":60.4,"heatindex_c":15.8,"heatindex_f":60.4,"dewpoint_c":12.3,"dewpoint_f":54.1,"will_it_rain":0,"chance_of_rain":0,"will_it_snow":0,"chance_of_snow":0,"vis_km":10.0,"vis_miles":6.0,"gust_mph":22.1,"gust_kph":35.6,"uv":1.0},{"time_epoch":1681938000,"time":"2023-04-19 22:00","temp_c":15.1,"temp_f":59.2,"is_day":0,"condition":{"text":"Clear","icon":"//cdn.weatherapi.com/weather/64x64/night/113.png","code":1000},"wind_mph":11.4,"wind_kph":18.4,"wind_degree":328,"wind_dir":"NNW","pressure_mb":1013.0,"pressure_in":29.9,"precip_mm":0.0,"precip_in":0.0,"humidity":79,"cloud":3,"feelslike_c":15.1,"feelslike_f":59.2,"windchill_c":15.1,"windchill_f":59.2,"heatindex_c":15.1,"heatindex_f":59.2,"dewpoint_c":11.5,"dewpoint_f":52.7,"will_it_rain":0,"chance_of_rain":0,"will_it_snow":0,"chance_of_snow":0,"vis_km":10.0,"vis_miles":6.0,"gust_mph":17.0,"gust_kph":27.4,"uv":1.0},{"time_epoch":1681941600,"time":"2023-04-19 23:00","temp_c":14.7,"temp_f":58.5,"is_day":0,"condition":{"text":"Clear","icon":"//cdn.weatherapi.com/weather/64x64/night/113.png","code":1000},"wind_mph":8.7,"wind_kph":14.0,"wind_degree":329,"wind_dir":"NNW","pressure_mb":1013.0,"pressure_in":29.91,"precip_mm":0.0,"precip_in":0.0,"humidity":80,"cloud":1,"feelslike_c":13.8,"feelslike_f":56.8,"windchill_c":13.8,"windchill_f":56.8,"heatindex_c":14.7,"heatindex_f":58.5,"dewpoint_c":11.2,"dewpoint_f":52.2,"will_it_rain":0,"chance_of_rain":0,"will_it_snow":0,"chance_of_snow":0,"vis_km":10.0,"vis_miles":6.0,"gust_mph":13.2,"gust_kph":21.2,"uv":1.0}]},{"date":"2023-04-20","date_epoch":1681948800,"day":{"maxtemp_c":22.8,"maxtemp_f":73.0,"mintemp_c":12.5,"mintemp_f":54.5,"avgtemp_c":16.5,"avgtemp_f":61.6,"maxwind_mph":12.3,"maxwind_kph":19.8,"totalprecip_mm":0.0,"totalprecip_in":0.0,"totalsnow_cm":0.0,"avgvis_km":10.0,"avgvis_miles":6.0,"avghumidity":69.0,"daily_will_it_rain":0,"daily_chance_of_rain":0,"daily_will_it_snow":0,"daily_chance_of_snow":0,"condition":{"text":"Sunny","icon":"//cdn.weatherapi.com/weather/64x64/day/113.png","code":1000},"uv":5.0},"astro":{"sunrise":"06:54 AM","sunset":"08:18 PM","moonrise":"07:03 AM","moonset":"08:55 PM","moon_phase":"New Moon","moon_illumination":"0","is_moon_up":0,"is_sun_up":0},"hour":[{"time_epoch":1681945200,"time":"2023-04-20 00:00","temp_c":14.1,"temp_f":57.4,"is_day":0,"condition":{"text":"Clear","icon":"//cdn.weatherapi.com/weather/64x64/night/113.png","code":1000},"wind_mph":6.5,"wind_kph":10.4,"wind_degree":336,"wind_dir":"NNW","pressure_mb":1013.0,"pressure_in":29.91,"precip_mm":0.0,"precip_in":0.0,"humidity":81,"cloud":0,"feelslike_c":13.5,"feelslike_f":56.3,"windchill_c":13.5,"windchill_f":56.3,"heatindex_c":14.1,"heatindex_f":57.4,"dewpoint_c":10.9,"dewpoint_f":51.6,"will_it_rain":0,"chance_of_rain":0,"will_it_snow":0,"chance_of_snow":0,"vis_km":10.0,"vis_miles":6.0,"gust_mph":10.3,"gust_kph":16.6,"uv":1.0},{"time_epoch":1681948800,"time":"2023-04-20 01:00","temp_c":13.7,"temp_f":56.7,"is_day":0,"condition":{"text":"Clear","icon":"//cdn.weatherapi.com/weather/64x64/night/113.png","code":1000},"wind_mph":4.3,"wind_kph":6.8,"wind_degree":327,"wind_dir":"NNW","pressure_mb":1013.0,"pressure_in":29.9,"precip_mm":0.0,"precip_in":0.0,"humidity":82,"cloud":0,"feelslike_c":13.6,"feelslike_f":56.5,"windchill_c":13.6,"windchill_f":56.5,"heatindex_c":13.7,"heatindex_f":56.7,"dewpoint_c":10.7,"dewpoint_f":51.3,"will_it_rain":0,"chance_of_rain":0,"will_it_snow":0,"chance_of_snow":0,"vis_km":10.0,"vis_miles":6.0,"gust_mph":6.9,"gust_kph":11.2,"uv":1.0},{"time_epoch":1681952400,"time":"2023-04-20 02:00","temp_c":13.5,"temp_f":56.3,"is_day":0,"condition":{"text":"Clear","icon":"//cdn.weatherapi.com/weather/64x64/night/113.png","code":1000},"wind_mph":4.0,"wind_kph":6.5,"wind_degree":312,"wind_dir":"NW","pressure_mb":1012.0,"pressure_in":29.89,"precip_mm":0.0,"precip_in":0.0,"humidity":83,"cloud":0,"feelslike_c":13.4,"feelslike_f":56.1,"windchill_c":13.4,"windchill_f":56.1,"heatindex_c":13.5,"heatindex_f":56.3,"dewpoint_c":10.7,"dewpoint_f":51.3,"will_it_rain":0,"chance_of_rain":0,"will_it_snow":0,"chance_of_snow":0,"vis_km":10.0,"vis_miles":6.0,"gust_mph":6.5,"gust_kph":10.4,"uv":1.0},{"time_epoch":1681956000,"time":"2023-04-20 03:00","temp_c":13.3,"temp_f":55.9,"is_day":0,"condition":{"text":"Clear","icon":"//cdn.weatherapi.com/weather/64x64/night/113.png","code":1000},"wind_mph":5.1,"wind_kph":8.3,"wind_degree":306,"wind_dir":"NW","pressure_mb":1012.0,"pressure_in":29.87,"precip_mm":0.0,"precip_in":0.0,"humidity":84,"cloud":3,"feelslike_c":12.8,"feelslike_f":55.0,"windchill_c":12.8,"windchill_f":55.0,"heatindex_c":13.3,"heatindex_f":55.9,"dewpoint_c":10.7,"dewpoint_f":51.3,"will_it_rain":0,"chance_of_rain":0,"will_it_snow":0,"chance_of_snow":0,"vis_km":10.0,"vis_miles":6.0,"gust_mph":8.3,"gust_kph":13.3,"uv":1.0},{"time_epoch":1681959600,"time":"2023-04-20 04:00","temp_c":13.0,"temp_f":55.4,"is_day":0,"condition":{"text":"Clear","icon":"//cdn.weatherapi.com/weather/64x64/night/113.png","code":1000},"wind_mph":6.3,"wind_kph":10.1,"wind_degree":308,"wind_dir":"NW","pressure_mb":1011.0,"pressure_in":29.87,"precip_mm":0.0,"precip_in":0.0,"humidity":86,"cloud":7,"feelslike_c":12.2,"feelslike_f":54.0,"windchill_c":12.2,"windchill_f":54.0,"heatindex_c":13.0,"heatindex_f":55.4,"dewpoint_c":10.7,"dewpoint_f":51.3,"will_it_rain":0,"chance_of_rain":0,"will_it_snow":0,"chance_of_snow":0,"vis_km":10.0,"vis_miles":6.0,"gust_mph":10.3,"gust_kph":16.6,"uv":1.0},{"time_epoch":1681963200,"time":"2023-04-20 05:00","temp_c":12.9,"temp_f":55.2,"is_day":0,"condition":{"text":"Clear","icon":"//cdn.weatherapi.com/weather/64x64/night/113.png","code":1000},"wind_mph":6.7,"wind_kph":10.8,"wind_degree":321,"wind_dir":"NW","pressure_mb":1012.0,"pressure_in":29.87,"precip_mm":0.0,"precip_in":0.0,"humidity":88,"cloud":15,"feelslike_c":12.0,"feelslike_f":53.6,"windchill_c":12.0,"windchill_f":53.6,"heatindex_c":12.9,"heatindex_f":55.2,"dewpoint_c":10.9,"dewpoint_f":51.6,"will_it_rain":0,"chance_of_rain":0,"will_it_snow":0,"chance_of_snow":0,"vis_km":10.0,"vis_miles":6.0,"gust_mph":10.7,"gust_kph":17.3,"uv":1.0},{"time_epoch":1681966800,"time":"2023-04-20 06:00","temp_c":12.7,"temp_f":54.9,"is_day":0,"condition":{"text":"Clear","icon":"//cdn.weatherapi.com/weather/64x64/night/113.png","code":1000},"wind_mph":6.7,"wind_kph":10.8,"wind_degree":322,"wind_dir":"NW","pressure_mb":1012.0,"pressure_in":29.88,"precip_mm":0.0,"precip_in":0.0,"humidity":88,"cloud":15,"feelslike_c":11.7,"feelslike_f":53.1,"windchill_c":11.7,"windchill_f":53.1,"heatindex_c":12.7,"heatindex_f":54.9,"dewpoint_c":10.7,"dewpoint_f":51.3,"will_it_rain":0,"chance_of_rain":0,"will_it_snow":0,"chance_of_snow":0,"vis_km":10.0,"vis_miles":6.0,"gust_mph":11.0,"gust_kph":17.6,"uv":1.0},{"time_epoch":1681970400,"time":"2023-04-20 07:00","temp_c":12.5,"temp_f":54.5,"is_day":1,"condition":{"text":"Sunny","icon":"//cdn.weatherapi.com/weather/64x64/day/113.png","code":1000},"wind_mph":5.1,"wind_kph":8.3,"wind_degree":325,"wind_dir":"NW","pressure_mb":1012.0,"pressure_in":29.88,"precip_mm":0.0,"precip_in":0.0,"humidity":87,"cloud":12,"feelslike_c":11.9,"feelslike_f":53.4,"windchill_c":11.9,"windchill_f":53.4,"heatindex_c":12.5,"heatindex_f":54.5,"dewpoint_c":10.4,"dewpoint_f":50.7,"will_it_rain":0,"chance_of_rain":0,"will_it_snow":0,"chance_of_snow":0,"vis_km":10.0,"vis_miles":6.0,"gust_mph":8.5,"gust_kph":13.7,"uv":4.0},{"time_epoch":1681974000,"time":"2023-04-20 08:00","temp_c":13.3,"temp_f":55.9,"is_day":1,"condition":{"text":"Sunny","icon":"//cdn.weatherapi.com/weather/64x64/day/113.png","code":1000},"wind_mph":5.8,"wind_kph":9.4,"wind_degree":319,"wind_dir":"NW","pressure_mb":1012.0,"pressure_in":29.89,"precip_mm":0.0,"precip_in":0.0,"humidity":83,"cloud":7,"feelslike_c":12.7,"feelslike_f":54.9,"windchill_c":12.7,"windchill_f":54.9,"heatindex_c":13.3,"heatindex_f":55.9,"dewpoint_c":10.5,"dewpoint_f":50.9,"will_it_rain":0,"chance_of_rain":0,"will_it_snow":0,"chance_of_snow":0,"vis_km":10.0,"vis_miles":6.0,"gust_mph":8.5,"gust_kph":13.7,"uv":4.0},{"time_epoch":1681977600,"time":"2023-04-20 09:00","temp_c":14.9,"temp_f":58.8,"is_day":1,"condition":{"text":"Sunny","icon":"//cdn.weatherapi.com/weather/64x64/day/113.png","code":1000},"wind_mph":5.8,"wind_kph":9.4,"wind_degree":332,"wind_dir":"NNW","pressure_mb":1012.0,"pressure_in":29.89,"precip_mm":0.0,"precip_in":0.0,"humidity":74,"cloud":5,"feelslike_c":14.6,"feelslike_f":58.3,"windchill_c":14.6,"windchill_f":58.3,"heatindex_c":14.9,"heatindex_f":58.8,"dewpoint_c":10.4,"dewpoint_f":50.7,"will_it_rain":0,"chance_of_rain":0,"will_it_snow":0,"chance_of_snow":0,"vis_km":10.0,"vis_miles":6.0,"gust_mph":7.2,"gust_kph":11.5,"uv":4.0},{"time_epoch":1681981200,"time":"2023-04-20 10:00","temp_c":16.5,"temp_f":61.7,"is_day":1,"condition":{"text":"Sunny","icon":"//cdn.weatherapi.com/weather/64x64/day/113.png","code":1000},"wind_mph":4.5,"wind_kph":7.2,"wind_degree":332,"wind_dir":"NNW","pressure_mb":1012.0,"pressure_in":29.89,"precip_mm":0.0,"precip_in":0.0,"humidity":65,"cloud":2,"feelslike_c":16.5,"feelslike_f":61.7,"windchill_c":16.5,"windchill_f":61.7,"heatindex_c":16.5,"heatindex_f":61.7,"dewpoint_c":9.9,"dewpoint_f":49.8,"will_it_rain":0,"chance_of_rain":0,"will_it_snow":0,"chance_of_snow":0,"vis_km":10.0,"vis_miles":6.0,"gust_mph":5.1,"gust_kph":8.3,"uv":5.0},{"time_epoch":1681984800,"time":"2023-04-20 11:00","temp_c":20.7,"temp_f":69.3,"is_day":1,"condition":{"text":"Sunny","icon":"//cdn.weatherapi.com/weather/64x64/day/113.png","code":1000},"wind_mph":3.6,"wind_kph":5.8,"wind_degree":299,"wind_dir":"WNW","pressure_mb":1012.0,"pressure_in":29.89,"precip_mm":0.0,"precip_in":0.0,"humidity":57,"cloud":1,"feelslike_c":20.7,"feelslike_f":69.3,"windchill_c":20.7,"windchill_f":69.3,"heatindex_c":20.7,"heatindex_f":69.3,"dewpoint_c":11.8,"dewpoint_f":53.2,"will_it_rain":0,"chance_of_rain":0,"will_it_snow":0,"chance_of_snow":0,"vis_km":10.0,"vis_miles":6.0,"gust_mph":4.0,"gust_kph":6.5,"uv":6.0},{"time_epoch":1681988400,"time":"2023-04-20 12:00","temp_c":21.2,"temp_f":70.2,"is_day":1,"condition":{"text":"Sunny","icon":"//cdn.weatherapi.com/weather/64x64/day/113.png","code":1000},"wind_mph":5.6,"wind_kph":9.0,"wind_degree":275,"wind_dir":"W","pressure_mb":1012.0,"pressure_in":29.88,"precip_mm":0.0,"precip_in":0.0,"humidity":52,"cloud":1,"feelslike_c":21.2,"feelslike_f":70.2,"windchill_c":21.2,"windchill_f":70.2,"heatindex_c":24.4,"heatindex_f":75.9,"dewpoint_c":11.1,"dewpoint_f":52.0,"will_it_rain":0,"chance_of_rain":0,"will_it_snow":0,"chance_of_snow":0,"vis_km":10.0,"vis_miles":6.0,"gust_mph":6.5,"gust_kph":10.4,"uv":6.0},{"time_epoch":1681992000,"time":"2023-04-20 13:00","temp_c":22.1,"temp_f":71.8,"is_day":1,"condition":{"text":"Sunny","icon":"//cdn.weatherapi.com/weather/64x64/day/113.png","code":1000},"wind_mph":6.3,"wind_kph":10.1,"wind_degree":273,"wind_dir":"W","pressure_mb":1011.0,"pressure_in":29.86,"precip_mm":0.0,"precip_in":0.0,"humidity":49,"cloud":1,"feelslike_c":24.4,"feelslike_f":75.9,"windchill_c":22.1,"windchill_f":71.8,"heatindex_c":24.4,"heatindex_f":75.9,"dewpoint_c":11.0,"dewpoint_f":51.8,"will_it_rain":0,"chance_of_rain":0,"will_it_snow":0,"chance_of_snow":0,"vis_km":10.0,"vis_miles":6.0,"gust_mph":7.2,"gust_kph":11.5,"uv":6.0},{"time_epoch":1681995600,"time":"2023-04-20 14:00","temp_c":22.8,"temp_f":73.0,"is_day":1,"condition":{"text":"Sunny","icon":"//cdn.weatherapi.com/weather/64x64/day/113.png","code":1000},"wind_mph":7.2,"wind_kph":11.5,"wind_degree":275,"wind_dir":"W","pressure_mb":1011.0,"pressure_in":29.85,"precip_mm":0.0,"precip_in":0.0,"humidity":48,"cloud":0,"feelslike_c":24.6,"feelslike_f":76.3,"windchill_c":22.8,"windchill_f":73.0,"heatindex_c":24.6,"heatindex_f":76.3,"dewpoint_c":11.1,"dewpoint_f":52.0,"will_it_rain":0,"chance_of_rain":0,"will_it_snow":0,"chance_of_snow":0,"vis_km":10.0,"vis_miles":6.0,"gust_mph":8.3,"gust_kph":13.3,"uv":6.0},{"time_epoch":1681999200,"time":"2023-04-20 15:00","temp_c":22.3,"temp_f":72.1,"is_day":1,"condition":{"text":"Sunny","icon":"//cdn.weatherapi.com/weather/64x64/day/113.png","code":1000},"wind_mph":9.2,"wind_kph":14.8,"wind_degree":277,"wind_dir":"W","pressure_mb":1010.0,"pressure_in":29.83,"precip_mm":0.0,"precip_in":0.0,"humidity":46,"cloud":0,"feelslike_c":24.4,"feelslike_f":75.9,"windchill_c":22.3,"windchill_f":72.1,"heatindex_c":24.4,"heatindex_f":75.9,"dewpoint_c":10.3,"dewpoint_f":50.5,"will_it_rain":0,"chance_of_rain":0,"will_it_snow":0,"chance_of_snow":0,"vis_km":10.0,"vis_miles":6.0,"gust_mph":10.5,"gust_kph":16.9,"uv":6.0},{"time_epoch":1682002800,"time":"2023-04-20 16:00","temp_c":21.3,"temp_f":70.3,"is_day":1,"condition":{"text":"Sunny","icon":"//cdn.weatherapi.com/weather/64x64/day/113.png","code":1000},"wind_mph":10.5,"wind_kph":16.9,"wind_degree":282,"wind_dir":"WNW","pressure_mb":1010.0,"pressure_in":29.82,"precip_mm":0.0,"precip_in":0.0,"humidity":48,"cloud":0,"feelslike_c":21.3,"feelslike_f":70.3,"windchill_c":21.3,"windchill_f":70.3,"heatindex_c":24.2,"heatindex_f":75.6,"dewpoint_c":9.9,"dewpoint_f":49.8,"will_it_rain":0,"chance_of_rain":0,"will_it_snow":0,"chance_of_snow":0,"vis_km":10.0,"vis_miles":6.0,"gust_mph":12.1,"gust_kph":19.4,"uv":6.0},{"time_epoch":1682006400,"time":"2023-04-20 17:00","temp_c":20.3,"temp_f":68.5,"is_day":1,"condition":{"text":"Sunny","icon":"//cdn.weatherapi.com/weather/64x64/day/113.png","code":1000},"wind_mph":11.2,"wind_kph":18.0,"wind_degree":291,"wind_dir":"WNW","pressure_mb":1010.0,"pressure_in":29.81,"precip_mm":0.0,"precip_in":0.0,"humidity":51,"cloud":0,"feelslike_c":20.3,"feelslike_f":68.5,"windchill_c":20.3,"windchill_f":68.5,"heatindex_c":20.3,"heatindex_f":68.5,"dewpoint_c":9.9,"dewpoint_f":49.8,"will_it_rain":0,"chance_of_rain":0,"will_it_snow":0,"chance_of_snow":0,"vis_km":10.0,"vis_miles":6.0,"gust_mph":13.0,"gust_kph":20.9,"uv":6.0},{"time_epoch":1682010000,"time":"2023-04-20 18:00","temp_c":18.4,"temp_f":65.1,"is_day":1,"condition":{"text":"Sunny","icon":"//cdn.weatherapi.com/weather/64x64/day/113.png","code":1000},"wind_mph":12.3,"wind_kph":19.8,"wind_degree":298,"wind_dir":"WNW","pressure_mb":1010.0,"pressure_in":29.82,"precip_mm":0.0,"precip_in":0.0,"humidity":56,"cloud":0,"feelslike_c":18.4,"feelslike_f":65.1,"windchill_c":18.4,"windchill_f":65.1,"heatindex_c":18.4,"heatindex_f":65.1,"dewpoint_c":9.5,"dewpoint_f":49.1,"will_it_rain":0,"chance_of_rain":0,"will_it_snow":0,"chance_of_snow":0,"vis_km":10.0,"vis_miles":6.0,"gust_mph":14.8,"gust_kph":23.8,"uv":5.0},{"time_epoch":1682013600,"time":"2023-04-20 19:00","temp_c":17.1,"temp_f":62.8,"is_day":1,"condition":{"text":"Sunny","icon":"//cdn.weatherapi.com/weather/64x64/day/113.png","code":1000},"wind_mph":12.3,"wind_kph":19.8,"wind_degree":308,"wind_dir":"NW","pressure_mb":1010.0,"pressure_in":29.82,"precip_mm":0.0,"precip_in":0.0,"humidity":63,"cloud":0,"feelslike_c":17.1,"feelslike_f":62.8,"windchill_c":17.1,"windchill_f":62.8,"heatindex_c":17.1,"heatindex_f":62.8,"dewpoint_c":9.9,"dewpoint_f":49.8,"will_it_rain":0,"chance_of_rain":0,"will_it_snow":0,"chance_of_snow":0,"vis_km":10.0,"vis_miles":6.0,"gust_mph":15.2,"gust_kph":24.5,"uv":5.0},{"time_epoch":1682017200,"time":"2023-04-20 20:00","temp_c":15.6,"temp_f":60.1,"is_day":1,"condition":{"text":"Sunny","icon":"//cdn.weatherapi.com/weather/64x64/day/113.png","code":1000},"wind_mph":10.3,"wind_kph":16.6,"wind_degree":315,"wind_dir":"NW","pressure_mb":1010.0,"pressure_in":29.82,"precip_mm":0.0,"precip_in":0.0,"humidity":69,"cloud":0,"feelslike_c":15.6,"feelslike_f":60.1,"windchill_c":15.6,"windchill_f":60.1,"heatindex_c":15.6,"heatindex_f":60.1,"dewpoint_c":10.0,"dewpoint_f":50.0,"will_it_rain":0,"chance_of_rain":0,"will_it_snow":0,"chance_of_snow":0,"vis_km":10.0,"vis_miles":6.0,"gust_mph":14.5,"gust_kph":23.4,"uv":5.0},{"time_epoch":1682020800,"time":"2023-04-20 21:00","temp_c":14.6,"temp_f":58.3,"is_day":0,"condition":{"text":"Clear","icon":"//cdn.weatherapi.com/weather/64x64/night/113.png","code":1000},"wind_mph":8.9,"wind_kph":14.4,"wind_degree":315,"wind_dir":"NW","pressure_mb":1010.0,"pressure_in":29.83,"precip_mm":0.0,"precip_in":0.0,"humidity":74,"cloud":0,"feelslike_c":13.6,"feelslike_f":56.5,"windchill_c":13.6,"windchill_f":56.5,"heatindex_c":14.6,"heatindex_f":58.3,"dewpoint_c":10.1,"dewpoint_f":50.2,"will_it_rain":0,"chance_of_rain":0,"will_it_snow":0,"chance_of_snow":0,"vis_km":10.0,"vis_miles":6.0,"gust_mph":13.4,"gust_kph":21.6,"uv":1.0},{"time_epoch":1682024400,"time":"2023-04-20 22:00","temp_c":14.2,"temp_f":57.6,"is_day":0,"condition":{"text":"Clear","icon":"//cdn.weatherapi.com/weather/64x64/night/113.png","code":1000},"wind_mph":8.5,"wind_kph":13.7,"wind_degree":315,"wind_dir":"NW","pressure_mb":1011.0,"pressure_in":29.84,"precip_mm":0.0,"precip_in":0.0,"humidity":75,"cloud":0,"feelslike_c":13.2,"feelslike_f":55.8,"windchill_c":13.2,"windchill_f":55.8,"heatindex_c":14.2,"heatindex_f":57.6,"dewpoint_c":9.9,"dewpoint_f":49.8,"will_it_rain":0,"chance_of_rain":0,"will_it_snow":0,"chance_of_snow":0,"vis_km":10.0,"vis_miles":6.0,"gust_mph":13.0,"gust_kph":20.9,"uv":1.0},{"time_epoch":1682028000,"time":"2023-04-20 23:00","temp_c":13.9,"temp_f":57.0,"is_day":0,"condition":{"text":"Clear","icon":"//cdn.weatherapi.com/weather/64x64/night/113.png","code":1000},"wind_mph":6.3,"wind_kph":10.1,"wind_degree":320,"wind_dir":"NW","pressure_mb":1010.0,"pressure_in":29.83,"precip_mm":0.0,"precip_in":0.0,"humidity":76,"cloud":0,"feelslike_c":13.3,"feelslike_f":55.9,"windchill_c":13.3,"windchill_f":55.9,"heatindex_c":13.9,"heatindex_f":57.0,"dewpoint_c":9.7,"dewpoint_f":49.5,"will_it_rain":0,"chance_of_rain":0,"will_it_snow":0,"chance_of_snow":0,"vis_km":10.0,"vis_miles":6.0,"gust_mph":9.6,"gust_kph":15.5,"uv":1.0}]},{"date":"2023-04-21","date_epoch":1682035200,"day":{"maxtemp_c":18.8,"maxtemp_f":65.8,"mintemp_c":12.3,"mintemp_f":54.1,"avgtemp_c":14.7,"avgtemp_f":58.4,"maxwind_mph":17.7,"maxwind_kph":28.4,"totalprecip_mm":6.8,"totalprecip_in":0.27,"totalsnow_cm":0.0,"avgvis_km":9.8,"avgvis_miles":6.0,"avghumidity":77.0,"daily_will_it_rain":1,"daily_chance_of_rain":89,"daily_will_it_snow":0,"daily_chance_of_snow":0,"condition":{"text":"Moderate rain","icon":"//cdn.weatherapi.com/weather/64x64/day/302.png","code":1189},"uv":3.0},"astro":{"sunrise":"06:52 AM","sunset":"08:19 PM","moonrise":"07:32 AM","moonset":"10:05 PM","moon_phase":"Waxing Crescent","moon_illumination":"1","is_moon_up":0,"is_sun_up":0},"hour":[{"time_epoch":1682031600,"time":"2023-04-21 00:00","temp_c":13.3,"temp_f":55.9,"is_day":0,"condition":{"text":"Clear","icon":"//cdn.weatherapi.com/weather/64x64/night/113.png","code":1000},"wind_mph":3.8,"wind_kph":6.1,"wind_degree":324,"wind_dir":"NW","pressure_mb":1009.0,"pressure_in":29.8,"precip_mm":0.0,"precip_in":0.0,"humidity":75,"cloud":0,"feelslike_c":13.2,"feelslike_f":55.8,"windchill_c":13.2,"windchill_f":55.8,"heatindex_c":13.3,"heatindex_f":55.9,"dewpoint_c":9.1,"dewpoint_f":48.4,"will_it_rain":0,"chance_of_rain":0,"will_it_snow":0,"chance_of_snow":0,"vis_km":10.0,"vis_miles":6.0,"gust_mph":6.3,"gust_kph":10.1,"uv":1.0},{"time_epoch":1682035200,"time":"2023-04-21 01:00","temp_c":13.1,"temp_f":55.6,"is_day":0,"condition":{"text":"Clear","icon":"//cdn.weatherapi.com/weather/64x64/night/113.png","code":1000},"wind_mph":4.3,"wind_kph":6.8,"wind_degree":302,"wind_dir":"WNW","pressure_mb":1009.0,"pressure_in":29.8,"precip_mm":0.0,"precip_in":0.0,"humidity":76,"cloud":1,"feelslike_c":12.9,"feelslike_f":55.2,"windchill_c":12.9,"windchill_f":55.2,"heatindex_c":13.1,"heatindex_f":55.6,"dewpoint_c":9.0,"dewpoint_f":48.2,"will_it_rain":0,"chance_of_rain":0,"will_it_snow":0,"chance_of_snow":0,"vis_km":10.0,"vis_miles":6.0,"gust_mph":6.9,"gust_kph":11.2,"uv":1.0},{"time_epoch":1682038800,"time":"2023-04-21 02:00","temp_c":13.0,"temp_f":55.4,"is_day":0,"condition":{"text":"Partly cloudy","icon":"//cdn.weatherapi.com/weather/64x64/night/116.png","code":1003},"wind_mph":4.0,"wind_kph":6.5,"wind_degree":296,"wind_dir":"WNW","pressure_mb":1009.0,"pressure_in":29.78,"precip_mm":0.0,"precip_in":0.0,"humidity":76,"cloud":32,"feelslike_c":12.8,"feelslike_f":55.0,"windchill_c":12.8,"windchill_f":55.0,"heatindex_c":13.0,"heatindex_f":55.4,"dewpoint_c":8.8,"dewpoint_f":47.8,"will_it_rain":0,"chance_of_rain":0,"will_it_snow":0,"chance_of_snow":0,"vis_km":10.0,"vis_miles":6.0,"gust_mph":6.7,"gust_kph":10.8,"uv":1.0},{"time_epoch":1682042400,"time":"2023-04-21 03:00","temp_c":12.8,"temp_f":55.0,"is_day":0,"condition":{"text":"Clear","icon":"//cdn.weatherapi.com/weather/64x64/night/113.png","code":1000},"wind_mph":2.7,"wind_kph":4.3,"wind_degree":297,"wind_dir":"WNW","pressure_mb":1008.0,"pressure_in":29.76,"precip_mm":0.0,"precip_in":0.0,"humidity":77,"cloud":2,"feelslike_c":13.1,"feelslike_f":55.6,"windchill_c":13.1,"windchill_f":55.6,"heatindex_c":12.8,"heatindex_f":55.0,"dewpoint_c":8.8,"dewpoint_f":47.8,"will_it_rain":0,"chance_of_rain":0,"will_it_snow":0,"chance_of_snow":0,"vis_km":10.0,"vis_miles":6.0,"gust_mph":4.5,"gust_kph":7.2,"uv":1.0},{"time_epoch":1682046000,"time":"2023-04-21 04:00","temp_c":12.6,"temp_f":54.7,"is_day":0,"condition":{"text":"Clear","icon":"//cdn.weatherapi.com/weather/64x64/night/113.png","code":1000},"wind_mph":1.6,"wind_kph":2.5,"wind_degree":284,"wind_dir":"WNW","pressure_mb":1008.0,"pressure_in":29.76,"precip_mm":0.0,"precip_in":0.0,"humidity":77,"cloud":22,"feelslike_c":12.6,"feelslike_f":54.7,"windchill_c":12.6,"windchill_f":54.7,"heatindex_c":12.6,"heatindex_f":54.7,"dewpoint_c":8.7,"dewpoint_f":47.7,"will_it_rain":0,"chance_of_rain":0,"will_it_snow":0,"chance_of_snow":0,"vis_km":10.0,"vis_miles":6.0,"gust_mph":2.7,"gust_kph":4.3,"uv":1.0},{"time_epoch":1682049600,"time":"2023-04-21 05:00","temp_c":12.5,"temp_f":54.5,"is_day":0,"condition":{"text":"Overcast","icon":"//cdn.weatherapi.com/weather/64x64/night/122.png","code":1009},"wind_mph":1.3,"wind_kph":2.2,"wind_degree":185,"wind_dir":"S","pressure_mb":1008.0,"pressure_in":29.75,"precip_mm":0.0,"precip_in":0.0,"humidity":78,"cloud":90,"feelslike_c":12.5,"feelslike_f":54.5,"windchill_c":12.5,"windchill_f":54.5,"heatindex_c":12.5,"heatindex_f":54.5,"dewpoint_c":8.8,"dewpoint_f":47.8,"will_it_rain":0,"chance_of_rain":0,"will_it_snow":0,"chance_of_snow":0,"vis_km":10.0,"vis_miles":6.0,"gust_mph":2.2,"gust_kph":3.6,"uv":1.0},{"time_epoch":1682053200,"time":"2023-04-21 06:00","temp_c":12.5,"temp_f":54.5,"is_day":0,"condition":{"text":"Clear","icon":"//cdn.weatherapi.com/weather/64x64/night/113.png","code":1000},"wind_mph":2.9,"wind_kph":4.7,"wind_degree":163,"wind_dir":"SSE","pressure_mb":1008.0,"pressure_in":29.75,"precip_mm":0.0,"precip_in":0.0,"humidity":79,"cloud":9,"feelslike_c":12.7,"feelslike_f":54.9,"windchill_c":12.7,"windchill_f":54.9,"heatindex_c":12.5,"heatindex_f":54.5,"dewpoint_c":9.0,"dewpoint_f":48.2,"will_it_rain":0,"chance_of_rain":0,"will_it_snow":0,"chance_of_snow":0,"vis_km":10.0,"vis_miles":6.0,"gust_mph":4.9,"gust_kph":7.9,"uv":1.0},{"time_epoch":1682056800,"time":"2023-04-21 07:00","temp_c":12.3,"temp_f":54.1,"is_day":1,"condition":{"text":"Partly cloudy","icon":"//cdn.weatherapi.com/weather/64x64/day/116.png","code":1003},"wind_mph":4.0,"wind_kph":6.5,"wind_degree":168,"wind_dir":"SSE","pressure_mb":1007.0,"pressure_in":29.75,"precip_mm":0.0,"precip_in":0.0,"humidity":81,"cloud":26,"feelslike_c":12.0,"feelslike_f":53.6,"windchill_c":12.0,"windchill_f":53.6,"heatindex_c":12.3,"heatindex_f":54.1,"dewpoint_c":9.2,"dewpoint_f":48.6,"will_it_rain":0,"chance_of_rain":0,"will_it_snow":0,"chance_of_snow":0,"vis_km":10.0,"vis_miles":6.0,"gust_mph":6.7,"gust_kph":10.8,"uv":4.0},{"time_epoch":1682060400,"time":"2023-04-21 08:00","temp_c":13.3,"temp_f":55.9,"is_day":1,"condition":{"text":"Partly cloudy","icon":"//cdn.weatherapi.com/weather/64x64/day/116.png","code":1003},"wind_mph":4.9,"wind_kph":7.9,"wind_degree":184,"wind_dir":"S","pressure_mb":1008.0,"pressure_in":29.76,"precip_mm":0.0,"precip_in":0.0,"humidity":79,"cloud":29,"feelslike_c":12.9,"feelslike_f":55.2,"windchill_c":12.9,"windchill_f":55.2,"heatindex_c":13.3,"heatindex_f":55.9,"dewpoint_c":9.8,"dewpoint_f":49.6,"will_it_rain":0,"chance_of_rain":0,"will_it_snow":0,"chance_of_snow":0,"vis_km":10.0,"vis_miles":6.0,"gust_mph":7.2,"gust_kph":11.5,"uv":4.0},{"time_epoch":1682064000,"time":"2023-04-21 09:00","temp_c":14.6,"temp_f":58.3,"is_day":1,"condition":{"text":"Partly cloudy","icon":"//cdn.weatherapi.com/weather/64x64/day/116.png","code":1003},"wind_mph":7.8,"wind_kph":12.6,"wind_degree":183,"wind_dir":"S","pressure_mb":1008.0,"pressure_in":29.76,"precip_mm":0.0,"precip_in":0.0,"humidity":75,"cloud":34,"feelslike_c":13.8,"feelslike_f":56.8,"windchill_c":13.8,"windchill_f":56.8,"heatindex_c":14.6,"heatindex_f":58.3,"dewpoint_c":10.2,"dewpoint_f":50.4,"will_it_rain":0,"chance_of_rain":0,"will_it_snow":0,"chance_of_snow":0,"vis_km":10.0,"vis_miles":6.0,"gust_mph":10.1,"gust_kph":16.2,"uv":4.0},{"time_epoch":1682067600,"time":"2023-04-21 10:00","temp_c":15.9,"temp_f":60.6,"is_day":1,"condition":{"text":"Partly cloudy","icon":"//cdn.weatherapi.com/weather/64x64/day/116.png","code":1003},"wind_mph":10.1,"wind_kph":16.2,"wind_degree":189,"wind_dir":"S","pressure_mb":1008.0,"pressure_in":29.75,"precip_mm":0.0,"precip_in":0.0,"humidity":70,"cloud":40,"feelslike_c":15.9,"feelslike_f":60.6,"windchill_c":15.9,"windchill_f":60.6,"heatindex_c":15.9,"heatindex_f":60.6,"dewpoint_c":10.3,"dewpoint_f":50.5,"will_it_rain":0,"chance_of_rain":0,"will_it_snow":0,"chance_of_snow":0,"vis_km":10.0,"vis_miles":6.0,"gust_mph":12.1,"gust_kph":19.4,"uv":5.0},{"time_epoch":1682071200,"time":"2023-04-21 11:00","temp_c":17.0,"temp_f":62.6,"is_day":1,"condition":{"text":"Cloudy","icon":"//cdn.weatherapi.com/weather/64x64/day/119.png","code":1006},"wind_mph":12.3,"wind_kph":19.8,"wind_degree":197,"wind_dir":"SSW","pressure_mb":1008.0,"pressure_in":29.75,"precip_mm":0.0,"precip_in":0.0,"humidity":65,"cloud":72,"feelslike_c":17.0,"feelslike_f":62.6,"windchill_c":17.0,"windchill_f":62.6,"heatindex_c":17.0,"heatindex_f":62.6,"dewpoint_c":10.5,"dewpoint_f":50.9,"will_it_rain":0,"chance_of_rain":0,"will_it_snow":0,"chance_of_snow":0,"vis_km":10.0,"vis_miles":6.0,"gust_mph":14.1,"gust_kph":22.7,"uv":4.0},{"time_epoch":1682074800,"time":"2023-04-21 12:00","temp_c":18.3,"temp_f":64.9,"is_day":1,"condition":{"text":"Overcast","icon":"//cdn.weatherapi.com/weather/64x64/day/122.png","code":1009},"wind_mph":14.3,"wind_kph":23.0,"wind_degree":198,"wind_dir":"SSW","pressure_mb":1008.0,"pressure_in":29.75,"precip_mm":0.0,"precip_in":0.0,"humidity":64,"cloud":100,"feelslike_c":18.3,"feelslike_f":64.9,"windchill_c":18.3,"windchill_f":64.9,"heatindex_c":18.3,"heatindex_f":64.9,"dewpoint_c":11.5,"dewpoint_f":52.7,"will_it_rain":0,"chance_of_rain":0,"will_it_snow":0,"chance_of_snow":0,"vis_km":10.0,"vis_miles":6.0,"gust_mph":16.6,"gust_kph":26.6,"uv":4.0},{"time_epoch":1682078400,"time":"2023-04-21 13:00","temp_c":18.8,"temp_f":65.8,"is_day":1,"condition":{"text":"Overcast","icon":"//cdn.weatherapi.com/weather/64x64/day/122.png","code":1009},"wind_mph":15.9,"wind_kph":25.6,"wind_degree":201,"wind_dir":"SSW","pressure_mb":1007.0,"pressure_in":29.75,"precip_mm":0.0,"precip_in":0.0,"humidity":65,"cloud":97,"feelslike_c":18.8,"feelslike_f":65.8,"windchill_c":18.8,"windchill_f":65.8,"heatindex_c":18.8,"heatindex_f":65.8,"dewpoint_c":12.2,"dewpoint_f":54.0,"will_it_rain":0,"chance_of_rain":0,"will_it_snow":0,"chance_of_snow":0,"vis_km":10.0,"vis_miles":6.0,"gust_mph":18.3,"gust_kph":29.5,"uv":4.0},{"time_epoch":1682082000,"time":"2023-04-21 14:00","temp_c":18.4,"temp_f":65.1,"is_day":1,"condition":{"text":"Overcast","icon":"//cdn.weatherapi.com/weather/64x64/day/122.png","code":1009},"wind_mph":16.6,"wind_kph":26.6,"wind_degree":202,"wind_dir":"SSW","pressure_mb":1007.0,"pressure_in":29.74,"precip_mm":0.0,"precip_in":0.0,"humidity":71,"cloud":100,"feelslike_c":18.4,"feelslike_f":65.1,"windchill_c":18.4,"windchill_f":65.1,"heatindex_c":18.4,"heatindex_f":65.1,"dewpoint_c":13.0,"dewpoint_f":55.4,"will_it_rain":0,"chance_of_rain":0,"will_it_snow":0,"chance_of_snow":0,"vis_km":10.0,"vis_miles":6.0,"gust_mph":19.0,"gust_kph":30.6,"uv":4.0},{"time_epoch":1682085600,"time":"2023-04-21 15:00","temp_c":17.8,"temp_f":64.0,"is_day":1,"condition":{"text":"Patchy rain possible","icon":"//cdn.weatherapi.com/weather/64x64/day/176.png","code":1063},"wind_mph":17.7,"wind_kph":28.4,"wind_degree":211,"wind_dir":"SSW","pressure_mb":1007.0,"pressure_in":29.73,"precip_mm":0.1,"precip_in":0.0,"humidity":80,"cloud":100,"feelslike_c":17.8,"feelslike_f":64.0,"windchill_c":17.8,"windchill_f":64.0,"heatindex_c":17.8,"heatindex_f":64.0,"dewpoint_c":14.2,"dewpoint_f":57.6,"will_it_rain":0,"chance_of_rain":67,"will_it_snow":0,"chance_of_snow":0,"vis_km":10.0,"vis_miles":6.0,"gust_mph":20.4,"gust_kph":32.8,"uv":4.0},{"time_epoch":1682089200,"time":"2023-04-21 16:00","temp_c":15.2,"temp_f":59.4,"is_day":1,"condition":{"text":"Light rain","icon":"//cdn.weatherapi.com/weather/64x64/day/296.png","code":1183},"wind_mph":10.1,"wind_kph":16.2,"wind_degree":255,"wind_dir":"WSW","pressure_mb":1007.0,"pressure_in":29.74,"precip_mm":2.4,"precip_in":0.09,"humidity":91,"cloud":100,"feelslike_c":15.2,"feelslike_f":59.4,"windchill_c":15.2,"windchill_f":59.4,"heatindex_c":15.2,"heatindex_f":59.4,"dewpoint_c":13.7,"dewpoint_f":56.7,"will_it_rain":1,"chance_of_rain":83,"will_it_snow":0,"chance_of_snow":0,"vis_km":9.0,"vis_miles":5.0,"gust_mph":13.0,"gust_kph":20.9,"uv":4.0},{"time_epoch":1682092800,"time":"2023-04-21 17:00","temp_c":14.0,"temp_f":57.2,"is_day":1,"condition":{"text":"Light rain shower","icon":"//cdn.weatherapi.com/weather/64x64/day/353.png","code":1240},"wind_mph":10.1,"wind_kph":16.2,"wind_degree":314,"wind_dir":"NW","pressure_mb":1008.0,"pressure_in":29.75,"precip_mm":0.7,"precip_in":0.03,"humidity":89,"cloud":100,"feelslike_c":12.7,"feelslike_f":54.9,"windchill_c":12.7,"windchill_f":54.9,"heatindex_c":14.0,"heatindex_f":57.2,"dewpoint_c":12.2,"dewpoint_f":54.0,"will_it_rain":1,"chance_of_rain":89,"will_it_snow":0,"chance_of_snow":0,"vis_km":10.0,"vis_miles":6.0,"gust_mph":13.4,"gust_kph":21.6,"uv":3.0},{"time_epoch":1682096400,"time":"2023-04-21 18:00","temp_c":14.6,"temp_f":58.3,"is_day":1,"condition":{"text":"Light rain shower","icon":"//cdn.weatherapi.com/weather/64x64/day/353.png","code":1240},"wind_mph":8.5,"wind_kph":13.7,"wind_degree":308,"wind_dir":"NW","pressure_mb":1008.0,"pressure_in":29.77,"precip_mm":0.7,"precip_in":0.03,"humidity":81,"cloud":100,"feelslike_c":13.7,"feelslike_f":56.7,"windchill_c":13.7,"windchill_f":56.7,"heatindex_c":14.6,"heatindex_f":58.3,"dewpoint_c":11.3,"dewpoint_f":52.3,"will_it_rain":1,"chance_of_rain":74,"will_it_snow":0,"chance_of_snow":0,"vis_km":10.0,"vis_miles":6.0,"gust_mph":11.0,"gust_kph":17.6,"uv":3.0},{"time_epoch":1682100000,"time":"2023-04-21 19:00","temp_c":14.8,"temp_f":58.6,"is_day":1,"condition":{"text":"Moderate rain","icon":"//cdn.weatherapi.com/weather/64x64/day/302.png","code":1189},"wind_mph":5.6,"wind_kph":9.0,"wind_degree":305,"wind_dir":"NW","pressure_mb":1008.0,"pressure_in":29.78,"precip_mm":2.9,"precip_in":0.11,"humidity":80,"cloud":100,"feelslike_c":14.5,"feelslike_f":58.1,"windchill_c":14.5,"windchill_f":58.1,"heatindex_c":14.8,"heatindex_f":58.6,"dewpoint_c":11.3,"dewpoint_f":52.3,"will_it_rain":0,"chance_of_rain":67,"will_it_snow":0,"chance_of_snow":0,"vis_km":7.0,"vis_miles":4.0,"gust_mph":7.2,"gust_kph":11.5,"uv":3.0},{"time_epoch":1682103600,"time":"2023-04-21 20:00","temp_c":14.5,"temp_f":58.1,"is_day":1,"condition":{"text":"Cloudy","icon":"//cdn.weatherapi.com/weather/64x64/day/119.png","code":1006},"wind_mph":4.5,"wind_kph":7.2,"wind_degree":312,"wind_dir":"NW","pressure_mb":1009.0,"pressure_in":29.78,"precip_mm":0.0,"precip_in":0.0,"humidity":81,"cloud":79,"feelslike_c":14.4,"feelslike_f":57.9,"windchill_c":14.4,"windchill_f":57.9,"heatindex_c":14.5,"heatindex_f":58.1,"dewpoint_c":11.3,"dewpoint_f":52.3,"will_it_rain":0,"chance_of_rain":0,"will_it_snow":0,"chance_of_snow":0,"vis_km":10.0,"vis_miles":6.0,"gust_mph":6.0,"gust_kph":9.7,"uv":3.0},{"time_epoch":1682107200,"time":"2023-04-21 21:00","temp_c":14.4,"temp_f":57.9,"is_day":0,"condition":{"text":"Partly cloudy","icon":"//cdn.weatherapi.com/weather/64x64/night/116.png","code":1003},"wind_mph":3.8,"wind_kph":6.1,"wind_degree":321,"wind_dir":"NW","pressure_mb":1009.0,"pressure_in":29.81,"precip_mm":0.0,"precip_in":0.0,"humidity":81,"cloud":51,"feelslike_c":14.5,"feelslike_f":58.1,"windchill_c":14.5,"windchill_f":58.1,"heatindex_c":14.4,"heatindex_f":57.9,"dewpoint_c":11.2,"dewpoint_f":52.2,"will_it_rain":0,"chance_of_rain":0,"will_it_snow":0,"chance_of_snow":0,"vis_km":10.0,"vis_miles":6.0,"gust_mph":5.4,"gust_kph":8.6,"uv":1.0},{"time_epoch":1682110800,"time":"2023-04-21 22:00","temp_c":14.3,"temp_f":57.7,"is_day":0,"condition":{"text":"Partly cloudy","icon":"//cdn.weatherapi.com/weather/64x64/night/116.png","code":1003},"wind_mph":4.3,"wind_kph":6.8,"wind_degree":313,"wind_dir":"NW","pressure_mb":1010.0,"pressure_in":29.83,"precip_mm":0.0,"precip_in":0.0,"humidity":81,"cloud":34,"feelslike_c":14.2,"feelslike_f":57.6,"windchill_c":14.2,"windchill_f":57.6,"heatindex_c":14.3,"heatindex_f":57.7,"dewpoint_c":11.1,"dewpoint_f":52.0,"will_it_rain":0,"chance_of_rain":0,"will_it_snow":0,"chance_of_snow":0,"vis_km":10.0,"vis_miles":6.0,"gust_mph":6.3,"gust_kph":10.1,"uv":1.0},{"time_epoch":1682114400,"time":"2023-04-21 23:00","temp_c":14.0,"temp_f":57.2,"is_day":0,"condition":{"text":"Overcast","icon":"//cdn.weatherapi.com/weather/64x64/night/122.png","code":1009},"wind_mph":4.9,"wind_kph":7.9,"wind_degree":322,"wind_dir":"NW","pressure_mb":1011.0,"pressure_in":29.84,"precip_mm":0.0,"precip_in":0.0,"humidity":82,"cloud":93,"feelslike_c":13.7,"feelslike_f":56.7,"windchill_c":13.7,"windchill_f":56.7,"heatindex_c":14.0,"heatindex_f":57.2,"dewpoint_c":10.9,"dewpoint_f":51.6,"will_it_rain":0,"chance_of_rain":0,"will_it_snow":0,"chance_of_snow":0,"vis_km":10.0,"vis_miles":6.0,"gust_mph":7.4,"gust_kph":11.9,"uv":1.0}]}]}}