{"location":{"name":"Paris","region":"Ile-de-France","country":"France","lat":48.87,"lon":2.33,"tz_id":"Europe/Paris","localtime_epoch":1681919173,"localtime":"2023-04-19 17:46"},"current":{"last_updated_epoch":1681918200,"last_updated":"2023-04-19 17:30","temp_c":17.0,"temp_f":62.6,"is_day":1,"condition":{"text":"Partly cloudy","icon":"//cdn.weatherapi.com/weather/64x64/day/116.png","code":1003},"wind_mph":16.1,"wind_kph":25.9,"wind_degree":60,"wind_dir":"ENE","pressure_mb":1018.0,"pressure_in":30.06,"precip_mm":0.0,"precip_in":0.0,"humidity":52,"cloud":75,"feelslike_c":17.0,"feelslike_f":62.6,"vis_km":10.0,"vis_miles":6.0,"uv":4.0,"gust_mph":15.7,"gust_kph":25.2},"forecast":{"forecastday":[{"date":"2023-04-19","date_epoch":1681862400,"day":{"maxtemp_c":18.7,"maxtemp_f":65.7,"mintemp_c":7.1,"mintemp_f":44.8,"avgtemp_c":12.7,"avgtemp_f":54.9,"maxwind_mph":13.6,"maxwind_kph":22.0,"totalprecip_mm":0.6,"totalprecip_in":0.02,"totalsnow_cm":0.0,"avgvis_km":10.0,"avgvis_miles":6.0,"avghumidity":69.0,"daily_will_it_rain":1,"daily_chance_of_rain":82,"daily_will_it_snow":0,"daily_chance_of_snow":0,"condition":{"text":"Patchy rain possible","icon":"//cdn.weatherapi.com/weather/64x64/day/176.png","code":1063},"uv":3.0},"astro":{"sunrise":"06:53 AM","sunset":"08:48 PM","moonrise":"06:43 AM","moonset":"08:09 PM","moon_phase":"Waning Crescent","moon_illumination":"2","is_moon_up":0,"is_sun_up":0},"hour":[{"time_epoch":1681855200,"time":"2023-04-19 00:00","temp_c":9.6,"temp_f":49.3,"is_day":0,"condition":{"text":"Patchy rain possible","icon":"//cdn.weatherapi.com/weather/64x64/night/176.png","code":1063},"wind_mph":8.3,"wind_kph":13.3,"wind_degree":66,"wind_dir":"ENE","pressure_mb":1021.0,"pressure_in":30.14,"precip_mm":0.1,"precip_in":0.0,"humidity":85,"cloud":73,"feelslike_c":7.6,"feelslike_f":45.7,"windchill_c":7.6,"windchill_f":45.7,"heatindex_c":9.6,"heatindex_f":49.3,"dewpoint_c":7.2,"dewpoint_f":45.0,"will_it_rain":1,"chance_of_rain":82,"will_it_snow":0,"chance_of_snow":0,"vis_km":10.0,"vis_miles":6.0,"gust_mph":13.0,"gust_kph":20.9,"uv":1.0},{"time_epoch":1681858800,"time":"2023-04-19 01:00","temp_c":9.7,"temp_f":49.5,"is_day":0,"condition":{"text":"Light rain shower","icon":"//cdn.weatherapi.com/weather/64x64/night/353.png","code":1240},"wind_mph":8.5,"wind_kph":13.7,"wind_degree":68,"wind_dir":"ENE","pressure_mb":1021.0,"pressure_in":30.14,"precip_mm":0.4,"precip_in":0.02,"humidity":85,"cloud":100,"feelslike_c":7.7,"feelslike_f":45.9,"windchill_c":7.7,"windchill_f":45.9,"heatindex_c":9.7,"heatindex_f":49.5,"dewpoint_c":7.3,"dewpoint_f":45.1,"will_it_rain":1,"chance_of_rain":74,"will_it_snow":0,"chance_of_snow":0,"vis_km":10.0,"vis_miles":6.0,"gust_mph":13.2,"gust_kph":21.2,"uv":1.0},{"time_epoch":1681862400,"time":"2023-04-19 02:00","temp_c":9.6,"temp_f":49.3,"is_day":0,"condition":{"text":"Partly cloudy","icon":"//cdn.weatherapi.com/weather/64x64/night/116.png","code":1003},"wind_mph":8.9,"wind_kph":14.4,"wind_degree":75,"wind_dir":"ENE","pressure_mb":1020.0,"pressure_in":30.13,"precip_mm":0.0,"precip_in":0.0,"humidity":84,"cloud":49,"feelslike_c":7.5,"feelslike_f":45.5,"windchill_c":7.5,"windchill_f":45.5,"heatindex_c":9.6,"heatindex_f":49.3,"dewpoint_c":7.1,"dewpoint_f":44.8,"will_it_rain":0,"chance_of_rain":0,"will_it_snow":0,"chance_of_snow":0,"vis_km":10.0,"vis_miles":6.0,"gust_mph":13.9,"gust_kph":22.3,"uv":1.0},{"time_epoch":1681866000,"time":"2023-04-19 03:00","temp_c":8.6,"temp_f":47.5,"is_day":0,"condition":{"text":"Clear","icon":"//cdn.weatherapi.com/weather/64x64/night/113.png","code":1000},"wind_mph":8.7,"wind_kph":14.0,"wind_degree":79,"wind_dir":"E","pressure_mb":1021.0,"pressure_in":30.14,"precip_mm":0.0,"precip_in":0.0,"humidity":87,"cloud":23,"feelslike_c":6.3,"feelslike_f":43.3,"windchill_c":6.3,"windchill_f":43.3,"heatindex_c":8.6,"heatindex_f":47.5,"dewpoint_c":6.5,"dewpoint_f":43.7,"will_it_rain":0,"chance_of_rain":0,"will_it_snow":0,"chance_of_snow":0,"vis_km":10.0,"vis_miles":6.0,"gust_mph":14.3,"gust_kph":23.0,"uv":1.0},{"time_epoch":1681869600,"time":"2023-04-19 04:00","temp_c":7.9,"temp_f":46.2,"is_day":0,"condition":{"text":"Partly cloudy","icon":"//cdn.weatherapi.com/weather/64x64/night/116.png","code":1003},"wind_mph":8.1,"wind_kph":13.0,"wind_degree":80,"wind_dir":"E","pressure_mb":1020.0,"pressure_in":30.13,"precip_mm":0.0,"precip_in":0.0,"humidity":89,"cloud":26,"feelslike_c":5.6,"feelslike_f":42.1,"windchill_c":5.6,"windchill_f":42.1,"heatindex_c":7.9,"heatindex_f":46.2,"dewpoint_c":6.2,"dewpoint_f":43.2,"will_it_rain":0,"chance_of_rain":0,"will_it_snow":0,"chance_of_snow":0,"vis_km":10.0,"vis_miles":6.0,"gust_mph":13.9,"gust_kph":22.3,"uv":1.0},{"time_epoch":1681873200,"time":"2023-04-19 05:00","temp_c":7.5,"temp_f":45.5,"is_day":0,"condition":{"text":"Partly cloudy","icon":"//cdn.weatherapi.com/weather/64x64/night/116.png","code":1003},"wind_mph":7.6,"wind_kph":12.2,"wind_degree":78,"wind_dir":"ENE","pressure_mb":1020.0,"pressure_in":30.13,"precip_mm":0.0,"precip_in":0.0,"humidity":91,"cloud":35,"feelslike_c":5.2,"feelslike_f":41.4,"windchill_c":5.2,"windchill_f":41.4,"heatindex_c":7.5,"heatindex_f":45.5,"dewpoint_c":6.1,"dewpoint_f":43.0,"will_it_rain":0,"chance_of_rain":0,"will_it_snow":0,"chance_of_snow":0,"vis_km":10.0,"vis_miles":6.0,"gust_mph":13.0,"gust_kph":20.9,"uv":1.0},{"time_epoch":1681876800,"time":"2023-04-19 06:00","temp_c":7.1,"temp_f":44.8,"is_day":0,"condition":{"text":"Partly cloudy","icon":"//cdn.weatherapi.com/weather/64x64/night/116.png","code":1003},"wind_mph":7.2,"wind_kph":11.5,"wind_degree":73,"wind_dir":"ENE","pressure_mb":1021.0,"pressure_in":30.14,"precip_mm":0.0,"precip_in":0.0,"humidity":92,"cloud":41,"feelslike_c":4.9,"feelslike_f":40.8,"windchill_c":4.9,"windchill_f":40.8,"heatindex_c":7.1,"heatindex_f":44.8,"dewpoint_c":5.8,"dewpoint_f":42.4,"will_it_rain":0,"chance_of_rain":0,"will_it_snow":0,"chance_of_snow":0,"vis_km":10.0,"vis_miles":6.0,"gust_mph":12.3,"gust_kph":19.8,"uv":1.0},{"time_epoch":1681880400,"time":"2023-04-19 07:00","temp_c":7.9,"temp_f":46.2,"is_day":1,"condition":{"text":"Partly cloudy","icon":"//cdn.weatherapi.com/weather/64x64/day/116.png","code":1003},"wind_mph":7.4,"wind_kph":11.9,"wind_degree":70,"wind_dir":"ENE","pressure_mb":1021.0,"pressure_in":30.14,"precip_mm":0.0,"precip_in":0.0,"humidity":89,"cloud":39,"feelslike_c":5.8,"feelslike_f":42.4,"windchill_c":5.8,"windchill_f":42.4,"heatindex_c":7.9,"heatindex_f":46.2,"dewpoint_c":6.3,"dewpoint_f":43.3,"will_it_rain":0,"chance_of_rain":0,"will_it_snow":0,"chance_of_snow":0,"vis_km":10.0,"vis_miles":6.0,"gust_mph":11.0,"gust_kph":17.6,"uv":3.0},{"time_epoch":1681884000,"time":"2023-04-19 08:00","temp_c":9.6,"temp_f":49.3,"is_day":1,"condition":{"text":"Sunny","icon":"//cdn.weatherapi.com/weather/64x64/day/113.png","code":1000},"wind_mph":9.4,"wind_kph":15.1,"wind_degree":76,"wind_dir":"ENE","pressure_mb":1021.0,"pressure_in":30.15,"precip_mm":0.0,"precip_in":0.0,"humidity":82,"cloud":15,"feelslike_c":7.4,"feelslike_f":45.3,"windchill_c":7.4,"windchill_f":45.3,"heatindex_c":9.6,"heatindex_f":49.3,"dewpoint_c":6.6,"dewpoint_f":43.9,"will_it_rain":0,"chance_of_rain":0,"will_it_snow":0,"chance_of_snow":0,"vis_km":10.0,"vis_miles":6.0,"gust_mph":11.6,"gust_kph":18.7,"uv":3.0},{"time_epoch":1681887600,"time":"2023-04-19 09:00","temp_c":11.4,"temp_f":52.5,"is_day":1,"condition":{"text":"Sunny","icon":"//cdn.weatherapi.com/weather/64x64/day/113.png","code":1000},"wind_mph":10.1,"wind_kph":16.2,"wind_degree":80,"wind_dir":"E","pressure_mb":1021.0,"pressure_in":30.15,"precip_mm":0.0,"precip_in":0.0,"humidity":73,"cloud":7,"feelslike_c":9.5,"feelslike_f":49.1,"windchill_c":9.5,"windchill_f":49.1,"heatindex_c":11.4,"heatindex_f":52.5,"dewpoint_c":6.7,"dewpoint_f":44.1,"will_it_rain":0,"chance_of_rain":0,"will_it_snow":0,"chance_of_snow":0,"vis_km":10.0,"vis_miles":6.0,"gust_mph":11.6,"gust_kph":18.7,"uv":4.0},{"time_epoch":1681891200,"time":"2023-04-19 10:00","temp_c":13.5,"temp_f":56.3,"is_day":1,"condition":{"text":"Sunny","icon":"//cdn.weatherapi.com/weather/64x64/day/113.png","code":1000},"wind_mph":10.1,"wind_kph":16.2,"wind_degree":81,"wind_dir":"E","pressure_mb":1021.0,"pressure_in":30.14,"precip_mm":0.0,"precip_in":0.0,"humidity":64,"cloud":4,"feelslike_c":12.1,"feelslike_f":53.8,"windchill_c":12.1,"windchill_f":53.8,"heatindex_c":13.5,"heatindex_f":56.3,"dewpoint_c":6.7,"dewpoint_f":44.1,"will_it_rain":0,"chance_of_rain":0,"will_it_snow":0,"chance_of_snow":0,"vis_km":10.0,"vis_miles":6.0,"gust_mph":11.6,"gust_kph":18.7,"uv":4.0},{"time_epoch":1681894800,"time":"2023-04-19 11:00","temp_c":15.9,"temp_f":60.6,"is_day":1,"condition":{"text":"Sunny","icon":"//cdn.weatherapi.com/weather/64x64/day/113.png","code":1000},"wind_mph":11.0,"wind_kph":17.6,"wind_degree":75,"wind_dir":"ENE","pressure_mb":1020.0,"pressure_in":30.13,"precip_mm":0.0,"precip_in":0.0,"humidity":56,"cloud":3,"feelslike_c":15.9,"feelslike_f":60.6,"windchill_c":15.9,"windchill_f":60.6,"heatindex_c":15.9,"heatindex_f":60.6,"dewpoint_c":7.2,"dewpoint_f":45.0,"will_it_rain":0,"chance_of_rain":0,"will_it_snow":0,"chance_of_snow":0,"vis_km":10.0,"vis_miles":6.0,"gust_mph":12.5,"gust_kph":20.2,"uv":5.0},{"time_epoch":1681898400,"time":"2023-04-19 12:00","temp_c":16.9,"temp_f":62.4,"is_day":1,"condition":{"text":"Sunny","icon":"//cdn.weatherapi.com/weather/64x64/day/113.png","code":1000},"wind_mph":11.4,"wind_kph":18.4,"wind_degree":72,"wind_dir":"ENE","pressure_mb":1020.0,"pressure_in":30.12,"precip_mm":0.0,"precip_in":0.0,"humidity":52,"cloud":7,"feelslike_c":16.9,"feelslike_f":62.4,"windchill_c":16.9,"windchill_f":62.4,"heatindex_c":16.9,"heatindex_f":62.4,"dewpoint_c":6.9,"dewpoint_f":44.4,"will_it_rain":0,"chance_of_rain":0,"will_it_snow":0,"chance_of_snow":0,"vis_km":10.0,"vis_miles":6.0,"gust_mph":13.2,"gust_kph":21.2,"uv":5.0},{"time_epoch":1681902000,"time":"2023-04-19 13:00","temp_c":18.7,"temp_f":65.7,"is_day":1,"condition":{"text":"Sunny","icon":"//cdn.weatherapi.com/weather/64x64/day/113.png","code":1000},"wind_mph":11.6,"wind_kph":18.7,"wind_degree":69,"wind_dir":"ENE","pressure_mb":1019.0,"pressure_in":30.1,"precip_mm":0.0,"precip_in":0.0,"humidity":49,"cloud":2,"feelslike_c":18.7,"feelslike_f":65.7,"windchill_c":18.7,"windchill_f":65.7,"heatindex_c":18.7,"heatindex_f":65.7,"dewpoint_c":7.7,"dewpoint_f":45.9,"will_it_rain":0,"chance_of_rain":0,"will_it_snow":0,"chance_of_snow":0,"vis_km":10.0,"vis_miles":6.0,"gust_mph":13.4,"gust_kph":21.6,"uv":5.0},{"time_epoch":1681905600,"time":"2023-04-19 14:00","temp_c":18.5,"temp_f":65.3,"is_day":1,"condition":{"text":"Sunny","icon":"//cdn.weatherapi.com/weather/64x64/day/113.png","code":1000},"wind_mph":11.4,"wind_kph":18.4,"wind_degree":66,"wind_dir":"ENE","pressure_mb":1019.0,"pressure_in":30.09,"precip_mm":0.0,"precip_in":0.0,"humidity":47,"cloud":8,"feelslike_c":18.5,"feelslike_f":65.3,"windchill_c":18.5,"windchill_f":65.3,"heatindex_c":18.5,"heatindex_f":65.3,"dewpoint_c":6.9,"dewpoint_f":44.4,"will_it_rain":0,"chance_of_rain":0,"will_it_snow":0,"chance_of_snow":0,"vis_km":10.0,"vis_miles":6.0,"gust_mph":13.2,"gust_kph":21.2,"uv":5.0},{"time_epoch":1681909200,"time":"2023-04-19 15:00","temp_c":18.5,"temp_f":65.3,"is_day":1,"condition":{"text":"Partly cloudy","icon":"//cdn.weatherapi.com/weather/64x64/day/116.png","code":1003},"wind_mph":11.6,"wind_kph":18.7,"wind_degree":64,"wind_dir":"ENE","pressure_mb":1018.0,"pressure_in":30.06,"precip_mm":0.0,"precip_in":0.0,"humidity":46,"cloud":44,"feelslike_c":18.5,"feelslike_f":65.3,"windchill_c":18.5,"windchill_f":65.3,"heatindex_c":18.5,"heatindex_f":65.3,"dewpoint_c":6.5,"dewpoint_f":43.7,"will_it_rain":0,"chance_of_rain":0,"will_it_snow":0,"chance_of_snow":0,"vis_km":10.0,"vis_miles":6.0,"gust_mph":13.4,"gust_kph":21.6,"uv":5.0},{"time_epoch":1681912800,"time":"2023-04-19 16:00","temp_c":18.2,"temp_f":64.8,"is_day":1,"condition":{"text":"Partly cloudy","icon":"//cdn.weatherapi.com/weather/64x64/day/116.png","code":1003},"wind_mph":12.8,"wind_kph":20.5,"wind_degree":64,"wind_dir":"ENE","pressure_mb":1018.0,"pressure_in":30.06,"precip_mm":0.0,"precip_in":0.0,"humidity":47,"cloud":51,"feelslike_c":18.2,"feelslike_f":64.8,"windchill_c":18.2,"windchill_f":64.8,"heatindex_c":18.2,"heatindex_f":64.8,"dewpoint_c":6.6,"dewpoint_f":43.9,"will_it_rain":0,"chance_of_rain":0,"will_it_snow":0,"chance_of_snow":0,"vis_km":10.0,"vis_miles":6.0,"gust_mph":14.8,"gust_kph":23.8,"uv":5.0},{"time_epoch":1681916400,"time":"2023-04-19 17:00","temp_c":16.4,"temp_f":61.5,"is_day":1,"condition":{"text":"Cloudy","icon":"//cdn.weatherapi.com/weather/64x64/day/119.png","code":1006},"wind_mph":13.6,"wind_kph":22.0,"wind_degree":65,"wind_dir":"ENE","pressure_mb":1018.0,"pressure_in":30.06,"precip_mm":0.0,"precip_in":0.0,"humidity":53,"cloud":81,"feelslike_c":16.4,"feelslike_f":61.5,"windchill_c":16.4,"windchill_f":61.5,"heatindex_c":16.4,"heatindex_f":61.5,"dewpoint_c":6.9,"dewpoint_f":44.4,"will_it_rain":0,"chance_of_rain":0,"will_it_snow":0,"chance_of_snow":0,"vis_km":10.0,"vis_miles":6.0,"gust_mph":15.7,"gust_kph":25.2,"uv":4.0},{"time_epoch":1681920000,"time":"2023-04-19 18:00","temp_c":15.8,"temp_f":60.4,"is_day":1,"condition":{"text":"Cloudy","icon":"//cdn.weatherapi.com/weather/64x64/day/119.png","code":1006},"wind_mph":10.1,"wind_kph":16.2,"wind_degree":64,"wind_dir":"ENE","pressure_mb":1018.0,"pressure_in":30.06,"precip_mm":0.0,"precip_in":0.0,"humidity":55,"cloud":85,"feelslike_c":15.8,"feelslike_f":60.4,"windchill_c":15.8,"windchill_f":60.4,"heatindex_c":15.8,"heatindex_f":60.4,"dewpoint_c":6.7,"dewpoint_f":44.1,"will_it_rain":0,"chance_of_rain":0,"will_it_snow":0,"chance_of_snow":0,"vis_km":10.0,"vis_miles":6.0,"gust_mph":11.6,"gust_kph":18.7,"uv":4.0},{"time_epoch":1681923600,"time":"2023-04-19 19:00","temp_c":15.1,"temp_f":59.2,"is_day":1,"condition":{"text":"Overcast","icon":"//cdn.weatherapi.com/weather/64x64/day/122.png","code":1009},"wind_mph":10.3,"wind_kph":16.6,"wind_degree":50,"wind_dir":"NE","pressure_mb":1018.0,"pressure_in":30.06,"precip_mm":0.0,"precip_in":0.0,"humidity":59,"cloud":92,"feelslike_c":15.1,"feelslike_f":59.2,"windchill_c":15.1,"windchill_f":59.2,"heatindex_c":15.1,"heatindex_f":59.2,"dewpoint_c":7.3,"dewpoint_f":45.1,"will_it_rain":0,"chance_of_rain":0,"will_it_snow":0,"chance_of_snow":0,"vis_km":10.0,"vis_miles":6.0,"gust_mph":12.8,"gust_kph":20.5,"uv":4.0},{"time_epoch":1681927200,"time":"2023-04-19 20:00","temp_c":13.4,"temp_f":56.1,"is_day":1,"condition":{"text":"Partly cloudy","icon":"//cdn.weatherapi.com/weather/64x64/day/116.png","code":1003},"wind_mph":10.5,"wind_kph":16.9,"wind_degree":41,"wind_dir":"NE","pressure_mb":1018.0,"pressure_in":30.07,"precip_mm":0.0,"precip_in":0.0,"humidity":70,"cloud":57,"feelslike_c":11.9,"feelslike_f":53.4,"windchill_c":11.9,"windchill_f":53.4,"heatindex_c":13.4,"heatindex_f":56.1,"dewpoint_c":8.0,"dewpoint_f":46.4,"will_it_rain":0,"chance_of_rain":0,"will_it_snow":0,"chance_of_snow":0,"vis_km":10.0,"vis_miles":6.0,"gust_mph":14.5,"gust_kph":23.4,"uv":4.0},{"time_epoch":1681930800,"time":"2023-04-19 21:00","temp_c":12.4,"temp_f":54.3,"is_day":0,"condition":{"text":"Overcast","icon":"//cdn.weatherapi.com/weather/64x64/night/122.png","code":1009},"wind_mph":10.7,"wind_kph":17.3,"wind_degree":41,"wind_dir":"NE","pressure_mb":1019.0,"pressure_in":30.08,"precip_mm":0.0,"precip_in":0.0,"humidity":70,"cloud":100,"feelslike_c":10.7,"feelslike_f":51.3,"windchill_c":10.7,"windchill_f":51.3,"heatindex_c":12.4,"heatindex_f":54.3,"dewpoint_c":7.0,"dewpoint_f":44.6,"will_it_rain":0,"chance_of_rain":0,"will_it_snow":0,"chance_of_snow":0,"vis_km":10.0,"vis_miles":6.0,"gust_mph":15.7,"gust_kph":25.2,"uv":1.0},{"time_epoch":1681934400,"time":"2023-04-19 22:00","temp_c":11.7,"temp_f":53.1,"is_day":0,"condition":{"text":"Patchy rain possible","icon":"//cdn.weatherapi.com/weather/64x64/night/176.png","code":1063},"wind_mph":10.7,"wind_kph":17.3,"wind_degree":47,"wind_dir":"NE","pressure_mb":1019.0,"pressure_in":30.08,"precip_mm":0.1,"precip_in":0.0,"humidity":69,"cloud":90,"feelslike_c":9.8,"feelslike_f":49.6,"windchill_c":9.8,"windchill_f":49.6,"heatindex_c":11.7,"heatindex_f":53.1,"dewpoint_c":6.3,"dewpoint_f":43.3,"will_it_rain":0,"chance_of_rain":68,"will_it_snow":0,"chance_of_snow":0,"vis_km":10.0,"vis_miles":6.0,"gust_mph":15.7,"gust_kph":25.2,"uv":1.0},{"time_epoch":1681938000,"time":"2023-04-19 23:00","temp_c":11.4,"temp_f":52.5,"is_day":0,"condition":{"text":"Cloudy","icon":"//cdn.weatherapi.com/weather/64x64/night/119.png","code":1006},"wind_mph":10.1,"wind_kph":16.2,"wind_degree":45,"wind_dir":"NE","pressure_mb":1018.0,"pressure_in":30.07,"precip_mm":0.0,"precip_in":0.0,"humidity":66,"cloud":69,"feelslike_c":9.5,"feelslike_f":49.1,"windchill_c":9.5,"windchill_f":49.1,"heatindex_c":11.4,"heatindex_f":52.5,"dewpoint_c":5.3,"dewpoint_f":41.5,"will_it_rain":0,"chance_of_rain":0,"will_it_snow":0,"chance_of_snow":0,"vis_km":10.0,"vis_miles":6.0,"gust_mph":14.3,"gust_kph":23.0,"uv":1.0}]},{"date":"2023-04-20","date_epoch":1681948800,"day":{"maxtemp_c":13.1,"maxtemp_f":55.6,"mintemp_c":5.7,"mintemp_f":42.3,"avgtemp_c":9.1,"avgtemp_f":48.4,"maxwind_mph":12.8,"maxwind_kph":20.5,"totalprecip_mm":0.8,"totalprecip_in":0.03,"totalsnow_cm":0.0,"avgvis_km":9.7,"avgvis_miles":6.0,"avghumidity":62.0,"daily_will_it_rain":1,"daily_chance_of_rain":87,"daily_will_it_snow":0,"daily_chance_of_snow":0,"condition":{"text":"Patchy rain possible","icon":"//cdn.weatherapi.com/weather/64x64/day/176.png","code":1063},"uv":2.0},"astro":{"sunrise":"06:51 AM","sunset":"08:49 PM","moonrise":"07:00 AM","moonset":"09:30 PM","moon_phase":"New Moon","moon_illumination":"0","is_moon_up":0,"is_sun_up":0},"hour":[{"time_epoch":1681941600,"time":"2023-04-20 00:00","temp_c":10.8,"temp_f":51.4,"is_day":0,"condition":{"text":"Partly cloudy","icon":"//cdn.weatherapi.com/weather/64x64/night/116.png","code":1003},"wind_mph":11.0,"wind_kph":17.6,"wind_degree":44,"wind_dir":"NE","pressure_mb":1018.0,"pressure_in":30.07,"precip_mm":0.0,"precip_in":0.0,"humidity":60,"cloud":46,"feelslike_c":8.6,"feelslike_f":47.5,"windchill_c":8.6,"windchill_f":47.5,"heatindex_c":10.8,"heatindex_f":51.4,"dewpoint_c":3.5,"dewpoint_f":38.3,"will_it_rain":0,"chance_of_rain":0,"will_it_snow":0,"chance_of_snow":0,"vis_km":10.0,"vis_miles":6.0,"gust_mph":15.2,"gust_kph":24.5,"uv":1.0},{"time_epoch":1681945200,"time":"2023-04-20 01:00","temp_c":10.0,"temp_f":50.0,"is_day":0,"condition":{"text":"Patchy rain possible","icon":"//cdn.weatherapi.com/weather/64x64/night/176.png","code":1063},"wind_mph":11.4,"wind_kph":18.4,"wind_degree":57,"wind_dir":"ENE","pressure_mb":1018.0,"pressure_in":30.07,"precip_mm":0.1,"precip_in":0.0,"humidity":59,"cloud":82,"feelslike_c":7.5,"feelslike_f":45.5,"windchill_c":7.5,"windchill_f":45.5,"heatindex_c":10.0,"heatindex_f":50.0,"dewpoint_c":2.5,"dewpoint_f":36.5,"will_it_rain":1,"chance_of_rain":71,"will_it_snow":0,"chance_of_snow":0,"vis_km":10.0,"vis_miles":6.0,"gust_mph":15.4,"gust_kph":24.8,"uv":1.0},{"time_epoch":1681948800,"time":"2023-04-20 02:00","temp_c":8.7,"temp_f":47.7,"is_day":0,"condition":{"text":"Partly cloudy","icon":"//cdn.weatherapi.com/weather/64x64/night/116.png","code":1003},"wind_mph":10.3,"wind_kph":16.6,"wind_degree":55,"wind_dir":"NE","pressure_mb":1018.0,"pressure_in":30.06,"precip_mm":0.0,"precip_in":0.0,"humidity":59,"cloud":27,"feelslike_c":6.1,"feelslike_f":43.0,"windchill_c":6.1,"windchill_f":43.0,"heatindex_c":8.7,"heatindex_f":47.7,"dewpoint_c":1.1,"dewpoint_f":34.0,"will_it_rain":0,"chance_of_rain":0,"will_it_snow":0,"chance_of_snow":0,"vis_km":10.0,"vis_miles":6.0,"gust_mph":14.1,"gust_kph":22.7,"uv":1.0},{"time_epoch":1681952400,"time":"2023-04-20 03:00","temp_c":7.8,"temp_f":46.0,"is_day":0,"condition":{"text":"Clear","icon":"//cdn.weatherapi.com/weather/64x64/night/113.png","code":1000},"wind_mph":9.6,"wind_kph":15.5,"wind_degree":51,"wind_dir":"NE","pressure_mb":1018.0,"pressure_in":30.06,"precip_mm":0.0,"precip_in":0.0,"humidity":59,"cloud":9,"feelslike_c":5.1,"feelslike_f":41.2,"windchill_c":5.1,"windchill_f":41.2,"heatindex_c":7.8,"heatindex_f":46.0,"dewpoint_c":0.3,"dewpoint_f":32.5,"will_it_rain":0,"chance_of_rain":0,"will_it_snow":0,"chance_of_snow":0,"vis_km":10.0,"vis_miles":6.0,"gust_mph":13.2,"gust_kph":21.2,"uv":1.0},{"time_epoch":1681956000,"time":"2023-04-20 04:00","temp_c":7.1,"temp_f":44.8,"is_day":0,"condition":{"text":"Clear","icon":"//cdn.weatherapi.com/weather/64x64/night/113.png","code":1000},"wind_mph":9.6,"wind_kph":15.5,"wind_degree":49,"wind_dir":"NE","pressure_mb":1018.0,"pressure_in":30.06,"precip_mm":0.0,"precip_in":0.0,"humidity":60,"cloud":3,"feelslike_c":4.3,"feelslike_f":39.7,"windchill_c":4.3,"windchill_f":39.7,"heatindex_c":7.1,"heatindex_f":44.8,"dewpoint_c":0.0,"dewpoint_f":32.0,"will_it_rain":0,"chance_of_rain":0,"will_it_snow":0,"chance_of_snow":0,"vis_km":10.0,"vis_miles":6.0,"gust_mph":13.4,"gust_kph":21.6,"uv":1.0},{"time_epoch":1681959600,"time":"2023-04-20 05:00","temp_c":6.4,"temp_f":43.5,"is_day":0,"condition":{"text":"Clear","icon":"//cdn.weatherapi.com/weather/64x64/night/113.png","code":1000},"wind_mph":8.9,"wind_kph":14.4,"wind_degree":45,"wind_dir":"NE","pressure_mb":1018.0,"pressure_in":30.06,"precip_mm":0.0,"precip_in":0.0,"humidity":63,"cloud":0,"feelslike_c":3.6,"feelslike_f":38.5,"windchill_c":3.6,"windchill_f":38.5,"heatindex_c":6.4,"heatindex_f":43.5,"dewpoint_c":-0.1,"dewpoint_f":31.8,"will_it_rain":0,"chance_of_rain":0,"will_it_snow":0,"chance_of_snow":0,"vis_km":10.0,"vis_miles":6.0,"gust_mph":12.5,"gust_kph":20.2,"uv":1.0},{"time_epoch":1681963200,"time":"2023-04-20 06:00","temp_c":5.7,"temp_f":42.3,"is_day":0,"condition":{"text":"Clear","icon":"//cdn.weatherapi.com/weather/64x64/night/113.png","code":1000},"wind_mph":8.7,"wind_kph":14.0,"wind_degree":40,"wind_dir":"NE","pressure_mb":1018.0,"pressure_in":30.06,"precip_mm":0.0,"precip_in":0.0,"humidity":66,"cloud":0,"feelslike_c":2.8,"feelslike_f":37.0,"windchill_c":2.8,"windchill_f":37.0,"heatindex_c":5.7,"heatindex_f":42.3,"dewpoint_c":-0.2,"dewpoint_f":31.6,"will_it_rain":0,"chance_of_rain":0,"will_it_snow":0,"chance_of_snow":0,"vis_km":10.0,"vis_miles":6.0,"gust_mph":12.5,"gust_kph":20.2,"uv":1.0},{"time_epoch":1681966800,"time":"2023-04-20 07:00","temp_c":6.0,"temp_f":42.8,"is_day":1,"condition":{"text":"Sunny","icon":"//cdn.weatherapi.com/weather/64x64/day/113.png","code":1000},"wind_mph":9.2,"wind_kph":14.8,"wind_degree":38,"wind_dir":"NE","pressure_mb":1018.0,"pressure_in":30.07,"precip_mm":0.0,"precip_in":0.0,"humidity":65,"cloud":0,"feelslike_c":3.0,"feelslike_f":37.4,"windchill_c":3.0,"windchill_f":37.4,"heatindex_c":6.0,"heatindex_f":42.8,"dewpoint_c":0.0,"dewpoint_f":32.0,"will_it_rain":0,"chance_of_rain":0,"will_it_snow":0,"chance_of_snow":0,"vis_km":10.0,"vis_miles":6.0,"gust_mph":12.1,"gust_kph":19.4,"uv":3.0},{"time_epoch":1681970400,"time":"2023-04-20 08:00","temp_c":7.2,"temp_f":45.0,"is_day":1,"condition":{"text":"Sunny","icon":"//cdn.weatherapi.com/weather/64x64/day/113.png","code":1000},"wind_mph":10.7,"wind_kph":17.3,"wind_degree":39,"wind_dir":"NE","pressure_mb":1018.0,"pressure_in":30.07,"precip_mm":0.0,"precip_in":0.0,"humidity":60,"cloud":4,"feelslike_c":4.2,"feelslike_f":39.6,"windchill_c":4.2,"windchill_f":39.6,"heatindex_c":7.2,"heatindex_f":45.0,"dewpoint_c":-0.1,"dewpoint_f":31.8,"will_it_rain":0,"chance_of_rain":0,"will_it_snow":0,"chance_of_snow":0,"vis_km":10.0,"vis_miles":6.0,"gust_mph":12.5,"gust_kph":20.2,"uv":3.0},{"time_epoch":1681974000,"time":"2023-04-20 09:00","temp_c":8.6,"temp_f":47.5,"is_day":1,"condition":{"text":"Sunny","icon":"//cdn.weatherapi.com/weather/64x64/day/113.png","code":1000},"wind_mph":9.6,"wind_kph":15.5,"wind_degree":36,"wind_dir":"NE","pressure_mb":1018.0,"pressure_in":30.06,"precip_mm":0.0,"precip_in":0.0,"humidity":57,"cloud":4,"feelslike_c":6.1,"feelslike_f":43.0,"windchill_c":6.1,"windchill_f":43.0,"heatindex_c":8.6,"heatindex_f":47.5,"dewpoint_c":0.5,"dewpoint_f":32.9,"will_it_rain":0,"chance_of_rain":0,"will_it_snow":0,"chance_of_snow":0,"vis_km":10.0,"vis_miles":6.0,"gust_mph":11.2,"gust_kph":18.0,"uv":3.0},{"time_epoch":1681977600,"time":"2023-04-20 10:00","temp_c":10.2,"temp_f":50.4,"is_day":1,"condition":{"text":"Sunny","icon":"//cdn.weatherapi.com/weather/64x64/day/113.png","code":1000},"wind_mph":10.7,"wind_kph":17.3,"wind_degree":38,"wind_dir":"NE","pressure_mb":1018.0,"pressure_in":30.05,"precip_mm":0.0,"precip_in":0.0,"humidity":51,"cloud":2,"feelslike_c":7.9,"feelslike_f":46.2,"windchill_c":7.9,"windchill_f":46.2,"heatindex_c":10.2,"heatindex_f":50.4,"dewpoint_c":0.7,"dewpoint_f":33.3,"will_it_rain":0,"chance_of_rain":0,"will_it_snow":0,"chance_of_snow":0,"vis_km":10.0,"vis_miles":6.0,"gust_mph":12.3,"gust_kph":19.8,"uv":4.0},{"time_epoch":1681981200,"time":"2023-04-20 11:00","temp_c":12.9,"temp_f":55.2,"is_day":1,"condition":{"text":"Sunny","icon":"//cdn.weatherapi.com/weather/64x64/day/113.png","code":1000},"wind_mph":10.5,"wind_kph":16.9,"wind_degree":29,"wind_dir":"NNE","pressure_mb":1017.0,"pressure_in":30.03,"precip_mm":0.0,"precip_in":0.0,"humidity":45,"cloud":0,"feelslike_c":11.3,"feelslike_f":52.3,"windchill_c":11.3,"windchill_f":52.3,"heatindex_c":12.9,"heatindex_f":55.2,"dewpoint_c":1.4,"dewpoint_f":34.5,"will_it_rain":0,"chance_of_rain":0,"will_it_snow":0,"chance_of_snow":0,"vis_km":10.0,"vis_miles":6.0,"gust_mph":12.1,"gust_kph":19.4,"uv":4.0},{"time_epoch":1681984800,"time":"2023-04-20 12:00","temp_c":12.9,"temp_f":55.2,"is_day":1,"condition":{"text":"Sunny","icon":"//cdn.weatherapi.com/weather/64x64/day/113.png","code":1000},"wind_mph":12.3,"wind_kph":19.8,"wind_degree":24,"wind_dir":"NNE","pressure_mb":1016.0,"pressure_in":30.01,"precip_mm":0.0,"precip_in":0.0,"humidity":41,"cloud":9,"feelslike_c":11.1,"feelslike_f":52.0,"windchill_c":11.1,"windchill_f":52.0,"heatindex_c":12.9,"heatindex_f":55.2,"dewpoint_c":0.0,"dewpoint_f":32.0,"will_it_rain":0,"chance_of_rain":0,"will_it_snow":0,"chance_of_snow":0,"vis_km":10.0,"vis_miles":6.0,"gust_mph":14.1,"gust_kph":22.7,"uv":4.0},{"time_epoch":1681988400,"time":"2023-04-20 13:00","temp_c":13.1,"temp_f":55.6,"is_day":1,"condition":{"text":"Partly cloudy","icon":"//cdn.weatherapi.com/weather/64x64/day/116.png","code":1003},"wind_mph":11.9,"wind_kph":19.1,"wind_degree":19,"wind_dir":"NNE","pressure_mb":1015.0,"pressure_in":29.98,"precip_mm":0.0,"precip_in":0.0,"humidity":45,"cloud":62,"feelslike_c":11.4,"feelslike_f":52.5,"windchill_c":11.4,"windchill_f":52.5,"heatindex_c":13.1,"heatindex_f":55.6,"dewpoint_c":1.4,"dewpoint_f":34.5,"will_it_rain":0,"chance_of_rain":0,"will_it_snow":0,"chance_of_snow":0,"vis_km":10.0,"vis_miles":6.0,"gust_mph":13.6,"gust_kph":22.0,"uv":4.0},{"time_epoch":1681992000,"time":"2023-04-20 14:00","temp_c":12.8,"temp_f":55.0,"is_day":1,"condition":{"text":"Overcast","icon":"//cdn.weatherapi.com/weather/64x64/day/122.png","code":1009},"wind_mph":12.5,"wind_kph":20.2,"wind_degree":18,"wind_dir":"NNE","pressure_mb":1015.0,"pressure_in":29.96,"precip_mm":0.0,"precip_in":0.0,"humidity":51,"cloud":100,"feelslike_c":10.9,"feelslike_f":51.6,"windchill_c":10.9,"windchill_f":51.6,"heatindex_c":12.8,"heatindex_f":55.0,"dewpoint_c":2.9,"dewpoint_f":37.2,"will_it_rain":0,"chance_of_rain":0,"will_it_snow":0,"chance_of_snow":0,"vis_km":10.0,"vis_miles":6.0,"gust_mph":14.3,"gust_kph":23.0,"uv":3.0},{"time_epoch":1681995600,"time":"2023-04-20 15:00","temp_c":10.8,"temp_f":51.4,"is_day":1,"condition":{"text":"Overcast","icon":"//cdn.weatherapi.com/weather/64x64/day/122.png","code":1009},"wind_mph":12.8,"wind_kph":20.5,"wind_degree":22,"wind_dir":"NNE","pressure_mb":1015.0,"pressure_in":29.96,"precip_mm":0.0,"precip_in":0.0,"humidity":61,"cloud":100,"feelslike_c":8.3,"feelslike_f":46.9,"windchill_c":8.3,"windchill_f":46.9,"heatindex_c":10.8,"heatindex_f":51.4,"dewpoint_c":3.7,"dewpoint_f":38.7,"will_it_rain":0,"chance_of_rain":0,"will_it_snow":0,"chance_of_snow":0,"vis_km":10.0,"vis_miles":6.0,"gust_mph":14.8,"gust_kph":23.8,"uv":3.0},{"time_epoch":1681999200,"time":"2023-04-20 16:00","temp_c":10.0,"temp_f":50.0,"is_day":1,"condition":{"text":"Patchy rain possible","icon":"//cdn.weatherapi.com/weather/64x64/day/176.png","code":1063},"wind_mph":10.3,"wind_kph":16.6,"wind_degree":23,"wind_dir":"NNE","pressure_mb":1014.0,"pressure_in":29.96,"precip_mm":0.1,"precip_in":0.0,"humidity":65,"cloud":100,"feelslike_c":7.7,"feelslike_f":45.9,"windchill_c":7.7,"windchill_f":45.9,"heatindex_c":10.0,"heatindex_f":50.0,"dewpoint_c":3.7,"dewpoint_f":38.7,"will_it_rain":0,"chance_of_rain":66,"will_it_snow":0,"chance_of_snow":0,"vis_km":10.0,"vis_miles":6.0,"gust_mph":11.9,"gust_kph":19.1,"uv":3.0},{"time_epoch":1682002800,"time":"2023-04-20 17:00","temp_c":9.6,"temp_f":49.3,"is_day":1,"condition":{"text":"Overcast","icon":"//cdn.weatherapi.com/weather/64x64/day/122.png","code":1009},"wind_mph":8.7,"wind_kph":14.0,"wind_degree":25,"wind_dir":"NNE","pressure_mb":1014.0,"pressure_in":29.94,"precip_mm":0.0,"precip_in":0.0,"humidity":66,"cloud":100,"feelslike_c":7.5,"feelslike_f":45.5,"windchill_c":7.5,"windchill_f":45.5,"heatindex_c":9.6,"heatindex_f":49.3,"dewpoint_c":3.6,"dewpoint_f":38.5,"will_it_rain":0,"chance_of_rain":0,"will_it_snow":0,"chance_of_snow":0,"vis_km":10.0,"vis_miles":6.0,"gust_mph":10.1,"gust_kph":16.2,"uv":2.0},{"time_epoch":1682006400,"time":"2023-04-20 18:00","temp_c":9.0,"temp_f":48.2,"is_day":1,"condition":{"text":"Overcast","icon":"//cdn.weatherapi.com/weather/64x64/day/122.png","code":1009},"wind_mph":7.6,"wind_kph":12.2,"wind_degree":34,"wind_dir":"NE","pressure_mb":1014.0,"pressure_in":29.93,"precip_mm":0.0,"precip_in":0.0,"humidity":72,"cloud":100,"feelslike_c":7.1,"feelslike_f":44.8,"windchill_c":7.1,"windchill_f":44.8,"heatindex_c":9.0,"heatindex_f":48.2,"dewpoint_c":4.2,"dewpoint_f":39.6,"will_it_rain":0,"chance_of_rain":0,"will_it_snow":0,"chance_of_snow":0,"vis_km":10.0,"vis_miles":6.0,"gust_mph":8.7,"gust_kph":14.0,"uv":2.0},{"time_epoch":1682010000,"time":"2023-04-20 19:00","temp_c":8.5,"temp_f":47.3,"is_day":1,"condition":{"text":"Patchy rain possible","icon":"//cdn.weatherapi.com/weather/64x64/day/176.png","code":1063},"wind_mph":6.0,"wind_kph":9.7,"wind_degree":40,"wind_dir":"NE","pressure_mb":1013.0,"pressure_in":29.92,"precip_mm":0.1,"precip_in":0.0,"humidity":77,"cloud":100,"feelslike_c":6.9,"feelslike_f":44.4,"windchill_c":6.9,"windchill_f":44.4,"heatindex_c":8.5,"heatindex_f":47.3,"dewpoint_c":4.7,"dewpoint_f":40.5,"will_it_rain":1,"chance_of_rain":72,"will_it_snow":0,"chance_of_snow":0,"vis_km":10.0,"vis_miles":6.0,"gust_mph":6.9,"gust_kph":11.2,"uv":2.0},{"time_epoch":1682013600,"time":"2023-04-20 20:00","temp_c":7.7,"temp_f":45.9,"is_day":1,"condition":{"text":"Patchy rain possible","icon":"//cdn.weatherapi.com/weather/64x64/day/176.png","code":1063},"wind_mph":5.1,"wind_kph":8.3,"wind_degree":52,"wind_dir":"NE","pressure_mb":1013.0,"pressure_in":29.93,"precip_mm":0.1,"precip_in":0.0,"humidity":78,"cloud":100,"feelslike_c":6.2,"feelslike_f":43.2,"windchill_c":6.2,"windchill_f":43.2,"heatindex_c":7.7,"heatindex_f":45.9,"dewpoint_c":4.1,"dewpoint_f":39.4,"will_it_rain":1,"chance_of_rain":84,"will_it_snow":0,"chance_of_snow":0,"vis_km":10.0,"vis_miles":6.0,"gust_mph":6.5,"gust_kph":10.4,"uv":2.0},{"time_epoch":1682017200,"time":"2023-04-20 21:00","temp_c":7.7,"temp_f":45.9,"is_day":0,"condition":{"text":"Patchy rain possible","icon":"//cdn.weatherapi.com/weather/64x64/night/176.png","code":1063},"wind_mph":5.1,"wind_kph":8.3,"wind_degree":77,"wind_dir":"ENE","pressure_mb":1013.0,"pressure_in":29.93,"precip_mm":0.1,"precip_in":0.0,"humidity":76,"cloud":100,"feelslike_c":6.2,"feelslike_f":43.2,"windchill_c":6.2,"windchill_f":43.2,"heatindex_c":7.7,"heatindex_f":45.9,"dewpoint_c":3.8,"dewpoint_f":38.8,"will_it_rain":1,"chance_of_rain":80,"will_it_snow":0,"chance_of_snow":0,"vis_km":10.0,"vis_miles":6.0,"gust_mph":6.5,"gust_kph":10.4,"uv":1.0},{"time_epoch":1682020800,"time":"2023-04-20 22:00","temp_c":7.6,"temp_f":45.7,"is_day":0,"condition":{"text":"Light drizzle","icon":"//cdn.weatherapi.com/weather/64x64/night/266.png","code":1153},"wind_mph":5.1,"wind_kph":8.3,"wind_degree":99,"wind_dir":"E","pressure_mb":1013.0,"pressure_in":29.92,"precip_mm":0.2,"precip_in":0.01,"humidity":74,"cloud":100,"feelslike_c":6.1,"feelslike_f":43.0,"windchill_c":6.1,"windchill_f":43.0,"heatindex_c":7.6,"heatindex_f":45.7,"dewpoint_c":3.4,"dewpoint_f":38.1,"will_it_rain":1,"chance_of_rain":87,"will_it_snow":0,"chance_of_snow":0,"vis_km":2.0,"vis_miles":1.0,"gust_mph":6.3,"gust_kph":10.1,"uv":1.0},{"time_epoch":1682024400,"time":"2023-04-20 23:00","temp_c":7.3,"temp_f":45.1,"is_day":0,"condition":{"text":"Patchy rain possible","icon":"//cdn.weatherapi.com/weather/64x64/night/176.png","code":1063},"wind_mph":5.6,"wind_kph":9.0,"wind_degree":97,"wind_dir":"E","pressure_mb":1013.0,"pressure_in":29.92,"precip_mm":0.1,"precip_in":0.0,"humidity":74,"cloud":100,"feelslike_c":5.6,"feelslike_f":42.1,"windchill_c":5.6,"windchill_f":42.1,"heatindex_c":7.3,"heatindex_f":45.1,"dewpoint_c":2.9,"dewpoint_f":37.2,"will_it_rain":1,"chance_of_rain":72,"will_it_snow":0,"chance_of_snow":0,"vis_km":10.0,"vis_miles":6.0,"gust_mph":6.9,"gust_kph":11.2,"uv":1.0}]},{"date":"2023-04-21","date_epoch":1682035200,"day":{"maxtemp_c":17.5,"maxtemp_f":63.5,"mintemp_c":6.0,"mintemp_f":42.8,"avgtemp_c":11.4,"avgtemp_f":52.5,"maxwind_mph":8.9,"maxwind_kph":14.4,"totalprecip_mm":0.4,"totalprecip_in":0.02,"totalsnow_cm":0.0,"avgvis_km":9.7,"avgvis_miles":6.0,"avghumidity":60.0,"daily_will_it_rain":0,"daily_chance_of_rain":62,"daily_will_it_snow":0,"daily_chance_of_snow":0,"condition":{"text":"Patchy rain possible","icon":"//cdn.weatherapi.com/weather/64x64/day/176.png","code":1063},"uv":3.0},"astro":{"sunrise":"06:49 AM","sunset":"08:51 PM","moonrise":"07:19 AM","moonset":"10:49 PM","moon_phase":"Waxing Crescent","moon_illumination":"1","is_moon_up":0,"is_sun_up":0},"hour":[{"time_epoch":1682028000,"time":"2023-04-21 00:00","temp_c":6.9,"temp_f":44.4,"is_day":0,"condition":{"text":"Patchy rain possible","icon":"//cdn.weatherapi.com/weather/64x64/night/176.png","code":1063},"wind_mph":4.7,"wind_kph":7.6,"wind_degree":93,"wind_dir":"E","pressure_mb":1013.0,"pressure_in":29.91,"precip_mm":0.1,"precip_in":0.0,"humidity":72,"cloud":97,"feelslike_c":5.5,"feelslike_f":41.9,"windchill_c":5.5,"windchill_f":41.9,"heatindex_c":6.9,"heatindex_f":44.4,"dewpoint_c":2.3,"dewpoint_f":36.1,"will_it_rain":0,"chance_of_rain":62,"will_it_snow":0,"chance_of_snow":0,"vis_km":10.0,"vis_miles":6.0,"gust_mph":6.3,"gust_kph":10.1,"uv":1.0},{"time_epoch":1682031600,"time":"2023-04-21 01:00","temp_c":6.8,"temp_f":44.2,"is_day":0,"condition":{"text":"Light drizzle","icon":"//cdn.weatherapi.com/weather/64x64/night/266.png","code":1153},"wind_mph":3.8,"wind_kph":6.1,"wind_degree":87,"wind_dir":"E","pressure_mb":1013.0,"pressure_in":29.9,"precip_mm":0.3,"precip_in":0.01,"humidity":72,"cloud":100,"feelslike_c":5.8,"feelslike_f":42.4,"windchill_c":5.8,"windchill_f":42.4,"heatindex_c":6.8,"heatindex_f":44.2,"dewpoint_c":2.1,"dewpoint_f":35.8,"will_it_rain":0,"chance_of_rain":61,"will_it_snow":0,"chance_of_snow":0,"vis_km":2.0,"vis_miles":1.0,"gust_mph":5.1,"gust_kph":8.3,"uv":1.0},{"time_epoch":1682035200,"time":"2023-04-21 02:00","temp_c":6.4,"temp_f":43.5,"is_day":0,"condition":{"text":"Overcast","icon":"//cdn.weatherapi.com/weather/64x64/night/122.png","code":1009},"wind_mph":4.5,"wind_kph":7.2,"wind_degree":90,"wind_dir":"E","pressure_mb":1012.0,"pressure_in":29.89,"precip_mm":0.0,"precip_in":0.0,"humidity":72,"cloud":100,"feelslike_c":5.0,"feelslike_f":41.0,"windchill_c":5.0,"windchill_f":41.0,"heatindex_c":6.4,"heatindex_f":43.5,"dewpoint_c":1.8,"dewpoint_f":35.2,"will_it_rain":0,"chance_of_rain":0,"will_it_snow":0,"chance_of_snow":0,"vis_km":10.0,"vis_miles":6.0,"gust_mph":6.5,"gust_kph":10.4,"uv":1.0},{"time_epoch":1682038800,"time":"2023-04-21 03:00","temp_c":6.1,"temp_f":43.0,"is_day":0,"condition":{"text":"Overcast","icon":"//cdn.weatherapi.com/weather/64x64/night/122.png","code":1009},"wind_mph":5.1,"wind_kph":8.3,"wind_degree":105,"wind_dir":"ESE","pressure_mb":1012.0,"pressure_in":29.88,"precip_mm":0.0,"precip_in":0.0,"humidity":73,"cloud":100,"feelslike_c":4.4,"feelslike_f":39.9,"windchill_c":4.4,"windchill_f":39.9,"heatindex_c":6.1,"heatindex_f":43.0,"dewpoint_c":1.7,"dewpoint_f":35.1,"will_it_rain":0,"chance_of_rain":0,"will_it_snow":0,"chance_of_snow":0,"vis_km":10.0,"vis_miles":6.0,"gust_mph":7.6,"gust_kph":12.2,"uv":1.0},{"time_epoch":1682042400,"time":"2023-04-21 04:00","temp_c":6.0,"temp_f":42.8,"is_day":0,"condition":{"text":"Overcast","icon":"//cdn.weatherapi.com/weather/64x64/night/122.png","code":1009},"wind_mph":5.4,"wind_kph":8.6,"wind_degree":120,"wind_dir":"ESE","pressure_mb":1012.0,"pressure_in":29.88,"precip_mm":0.0,"precip_in":0.0,"humidity":74,"cloud":96,"feelslike_c":4.2,"feelslike_f":39.6,"windchill_c":4.2,"windchill_f":39.6,"heatindex_c":6.0,"heatindex_f":42.8,"dewpoint_c":1.8,"dewpoint_f":35.2,"will_it_rain":0,"chance_of_rain":0,"will_it_snow":0,"chance_of_snow":0,"vis_km":10.0,"vis_miles":6.0,"gust_mph":7.8,"gust_kph":12.6,"uv":1.0},{"time_epoch":1682046000,"time":"2023-04-21 05:00","temp_c":6.0,"temp_f":42.8,"is_day":0,"condition":{"text":"Overcast","icon":"//cdn.weatherapi.com/weather/64x64/night/122.png","code":1009},"wind_mph":5.1,"wind_kph":8.3,"wind_degree":135,"wind_dir":"SE","pressure_mb":1012.0,"pressure_in":29.88,"precip_mm":0.0,"precip_in":0.0,"humidity":76,"cloud":90,"feelslike_c":4.2,"feelslike_f":39.6,"windchill_c":4.2,"windchill_f":39.6,"heatindex_c":6.0,"heatindex_f":42.8,"dewpoint_c":2.0,"dewpoint_f":35.6,"will_it_rain":0,"chance_of_rain":0,"will_it_snow":0,"chance_of_snow":0,"vis_km":10.0,"vis_miles":6.0,"gust_mph":7.6,"gust_kph":12.2,"uv":1.0},{"time_epoch":1682049600,"time":"2023-04-21 06:00","temp_c":6.0,"temp_f":42.8,"is_day":0,"condition":{"text":"Cloudy","icon":"//cdn.weatherapi.com/weather/64x64/night/119.png","code":1006},"wind_mph":4.9,"wind_kph":7.9,"wind_degree":140,"wind_dir":"SE","pressure_mb":1012.0,"pressure_in":29.88,"precip_mm":0.0,"precip_in":0.0,"humidity":76,"cloud":86,"feelslike_c":4.3,"feelslike_f":39.7,"windchill_c":4.3,"windchill_f":39.7,"heatindex_c":6.0,"heatindex_f":42.8,"dewpoint_c":2.2,"dewpoint_f":36.0,"will_it_rain":0,"chance_of_rain":0,"will_it_snow":0,"chance_of_snow":0,"vis_km":10.0,"vis_miles":6.0,"gust_mph":7.4,"gust_kph":11.9,"uv":1.0},{"time_epoch":1682053200,"time":"2023-04-21 07:00","temp_c":6.7,"temp_f":44.1,"is_day":1,"condition":{"text":"Cloudy","icon":"//cdn.weatherapi.com/weather/64x64/day/119.png","code":1006},"wind_mph":4.5,"wind_kph":7.2,"wind_degree":132,"wind_dir":"SE","pressure_mb":1012.0,"pressure_in":29.88,"precip_mm":0.0,"precip_in":0.0,"humidity":75,"cloud":72,"feelslike_c":5.3,"feelslike_f":41.5,"windchill_c":5.3,"windchill_f":41.5,"heatindex_c":6.7,"heatindex_f":44.1,"dewpoint_c":2.7,"dewpoint_f":36.9,"will_it_rain":0,"chance_of_rain":0,"will_it_snow":0,"chance_of_snow":0,"vis_km":10.0,"vis_miles":6.0,"gust_mph":6.0,"gust_kph":9.7,"uv":2.0},{"time_epoch":1682056800,"time":"2023-04-21 08:00","temp_c":7.7,"temp_f":45.9,"is_day":1,"condition":{"text":"Partly cloudy","icon":"//cdn.weatherapi.com/weather/64x64/day/116.png","code":1003},"wind_mph":4.9,"wind_kph":7.9,"wind_degree":132,"wind_dir":"SE","pressure_mb":1012.0,"pressure_in":29.88,"precip_mm":0.0,"precip_in":0.0,"humidity":71,"cloud":42,"feelslike_c":6.3,"feelslike_f":43.3,"windchill_c":6.3,"windchill_f":43.3,"heatindex_c":7.7,"heatindex_f":45.9,"dewpoint_c":2.7,"dewpoint_f":36.9,"will_it_rain":0,"chance_of_rain":0,"will_it_snow":0,"chance_of_snow":0,"vis_km":10.0,"vis_miles":6.0,"gust_mph":6.0,"gust_kph":9.7,"uv":3.0},{"time_epoch":1682060400,"time":"2023-04-21 09:00","temp_c":9.4,"temp_f":48.9,"is_day":1,"condition":{"text":"Sunny","icon":"//cdn.weatherapi.com/weather/64x64/day/113.png","code":1000},"wind_mph":4.7,"wind_kph":7.6,"wind_degree":126,"wind_dir":"SE","pressure_mb":1012.0,"pressure_in":29.88,"precip_mm":0.0,"precip_in":0.0,"humidity":62,"cloud":7,"feelslike_c":8.4,"feelslike_f":47.1,"windchill_c":8.4,"windchill_f":47.1,"heatindex_c":9.4,"heatindex_f":48.9,"dewpoint_c":2.6,"dewpoint_f":36.7,"will_it_rain":0,"chance_of_rain":0,"will_it_snow":0,"chance_of_snow":0,"vis_km":10.0,"vis_miles":6.0,"gust_mph":5.4,"gust_kph":8.6,"uv":3.0},{"time_epoch":1682064000,"time":"2023-04-21 10:00","temp_c":11.0,"temp_f":51.8,"is_day":1,"condition":{"text":"Sunny","icon":"//cdn.weatherapi.com/weather/64x64/day/113.png","code":1000},"wind_mph":4.9,"wind_kph":7.9,"wind_degree":114,"wind_dir":"ESE","pressure_mb":1011.0,"pressure_in":29.87,"precip_mm":0.0,"precip_in":0.0,"humidity":55,"cloud":7,"feelslike_c":10.2,"feelslike_f":50.4,"windchill_c":10.2,"windchill_f":50.4,"heatindex_c":11.0,"heatindex_f":51.8,"dewpoint_c":2.5,"dewpoint_f":36.5,"will_it_rain":0,"chance_of_rain":0,"will_it_snow":0,"chance_of_snow":0,"vis_km":10.0,"vis_miles":6.0,"gust_mph":5.6,"gust_kph":9.0,"uv":4.0},{"time_epoch":1682067600,"time":"2023-04-21 11:00","temp_c":14.1,"temp_f":57.4,"is_day":1,"condition":{"text":"Sunny","icon":"//cdn.weatherapi.com/weather/64x64/day/113.png","code":1000},"wind_mph":5.4,"wind_kph":8.6,"wind_degree":113,"wind_dir":"ESE","pressure_mb":1011.0,"pressure_in":29.85,"precip_mm":0.0,"precip_in":0.0,"humidity":50,"cloud":3,"feelslike_c":13.7,"feelslike_f":56.7,"windchill_c":13.7,"windchill_f":56.7,"heatindex_c":14.1,"heatindex_f":57.4,"dewpoint_c":3.9,"dewpoint_f":39.0,"will_it_rain":0,"chance_of_rain":0,"will_it_snow":0,"chance_of_snow":0,"vis_km":10.0,"vis_miles":6.0,"gust_mph":6.3,"gust_kph":10.1,"uv":4.0},{"time_epoch":1682071200,"time":"2023-04-21 12:00","temp_c":15.3,"temp_f":59.5,"is_day":1,"condition":{"text":"Sunny","icon":"//cdn.weatherapi.com/weather/64x64/day/113.png","code":1000},"wind_mph":5.8,"wind_kph":9.4,"wind_degree":123,"wind_dir":"ESE","pressure_mb":1010.0,"pressure_in":29.84,"precip_mm":0.0,"precip_in":0.0,"humidity":46,"cloud":5,"feelslike_c":15.3,"feelslike_f":59.5,"windchill_c":15.3,"windchill_f":59.5,"heatindex_c":15.3,"heatindex_f":59.5,"dewpoint_c":3.8,"dewpoint_f":38.8,"will_it_rain":0,"chance_of_rain":0,"will_it_snow":0,"chance_of_snow":0,"vis_km":10.0,"vis_miles":6.0,"gust_mph":6.7,"gust_kph":10.8,"uv":5.0},{"time_epoch":1682074800,"time":"2023-04-21 13:00","temp_c":15.9,"temp_f":60.6,"is_day":1,"condition":{"text":"Sunny","icon":"//cdn.weatherapi.com/weather/64x64/day/113.png","code":1000},"wind_mph":6.5,"wind_kph":10.4,"wind_degree":133,"wind_dir":"SE","pressure_mb":1010.0,"pressure_in":29.82,"precip_mm":0.0,"precip_in":0.0,"humidity":43,"cloud":15,"feelslike_c":15.9,"feelslike_f":60.6,"windchill_c":15.9,"windchill_f":60.6,"heatindex_c":15.9,"heatindex_f":60.6,"dewpoint_c":3.3,"dewpoint_f":37.9,"will_it_rain":0,"chance_of_rain":0,"will_it_snow":0,"chance_of_snow":0,"vis_km":10.0,"vis_miles":6.0,"gust_mph":7.4,"gust_kph":11.9,"uv":5.0},{"time_epoch":1682078400,"time":"2023-04-21 14:00","temp_c":16.7,"temp_f":62.1,"is_day":1,"condition":{"text":"Partly cloudy","icon":"//cdn.weatherapi.com/weather/64x64/day/116.png","code":1003},"wind_mph":6.9,"wind_kph":11.2,"wind_degree":137,"wind_dir":"SE","pressure_mb":1010.0,"pressure_in":29.81,"precip_mm":0.0,"precip_in":0.0,"humidity":40,"cloud":46,"feelslike_c":16.7,"feelslike_f":62.1,"windchill_c":16.7,"windchill_f":62.1,"heatindex_c":16.7,"heatindex_f":62.1,"dewpoint_c":3.0,"dewpoint_f":37.4,"will_it_rain":0,"chance_of_rain":0,"will_it_snow":0,"chance_of_snow":0,"vis_km":10.0,"vis_miles":6.0,"gust_mph":8.1,"gust_kph":13.0,"uv":5.0},{"time_epoch":1682082000,"time":"2023-04-21 15:00","temp_c":17.4,"temp_f":63.3,"is_day":1,"condition":{"text":"Partly cloudy","icon":"//cdn.weatherapi.com/weather/64x64/day/116.png","code":1003},"wind_mph":7.6,"wind_kph":12.2,"wind_degree":133,"wind_dir":"SE","pressure_mb":1009.0,"pressure_in":29.79,"precip_mm":0.0,"precip_in":0.0,"humidity":38,"cloud":47,"feelslike_c":17.4,"feelslike_f":63.3,"windchill_c":17.4,"windchill_f":63.3,"heatindex_c":17.4,"heatindex_f":63.3,"dewpoint_c":3.0,"dewpoint_f":37.4,"will_it_rain":0,"chance_of_rain":0,"will_it_snow":0,"chance_of_snow":0,"vis_km":10.0,"vis_miles":6.0,"gust_mph":8.7,"gust_kph":14.0,"uv":5.0},{"time_epoch":1682085600,"time":"2023-04-21 16:00","temp_c":17.5,"temp_f":63.5,"is_day":1,"condition":{"text":"Partly cloudy","icon":"//cdn.weatherapi.com/weather/64x64/day/116.png","code":1003},"wind_mph":8.5,"wind_kph":13.7,"wind_degree":127,"wind_dir":"SE","pressure_mb":1008.0,"pressure_in":29.78,"precip_mm":0.0,"precip_in":0.0,"humidity":39,"cloud":50,"feelslike_c":17.5,"feelslike_f":63.5,"windchill_c":17.5,"windchill_f":63.5,"heatindex_c":17.5,"heatindex_f":63.5,"dewpoint_c":3.5,"dewpoint_f":38.3,"will_it_rain":0,"chance_of_rain":0,"will_it_snow":0,"chance_of_snow":0,"vis_km":10.0,"vis_miles":6.0,"gust_mph":9.8,"gust_kph":15.8,"uv":5.0},{"time_epoch":1682089200,"time":"2023-04-21 17:00","temp_c":17.0,"temp_f":62.6,"is_day":1,"condition":{"text":"Partly cloudy","icon":"//cdn.weatherapi.com/weather/64x64/day/116.png","code":1003},"wind_mph":8.9,"wind_kph":14.4,"wind_degree":120,"wind_dir":"ESE","pressure_mb":1008.0,"pressure_in":29.77,"precip_mm":0.0,"precip_in":0.0,"humidity":43,"cloud":49,"feelslike_c":17.0,"feelslike_f":62.6,"windchill_c":17.0,"windchill_f":62.6,"heatindex_c":17.0,"heatindex_f":62.6,"dewpoint_c":4.5,"dewpoint_f":40.1,"will_it_rain":0,"chance_of_rain":0,"will_it_snow":0,"chance_of_snow":0,"vis_km":10.0,"vis_miles":6.0,"gust_mph":10.3,"gust_kph":16.6,"uv":5.0},{"time_epoch":1682092800,"time":"2023-04-21 18:00","temp_c":16.6,"temp_f":61.9,"is_day":1,"condition":{"text":"Partly cloudy","icon":"//cdn.weatherapi.com/weather/64x64/day/116.png","code":1003},"wind_mph":7.8,"wind_kph":12.6,"wind_degree":111,"wind_dir":"ESE","pressure_mb":1008.0,"pressure_in":29.76,"precip_mm":0.0,"precip_in":0.0,"humidity":47,"cloud":30,"feelslike_c":16.6,"feelslike_f":61.9,"windchill_c":16.6,"windchill_f":61.9,"heatindex_c":16.6,"heatindex_f":61.9,"dewpoint_c":5.3,"dewpoint_f":41.5,"will_it_rain":0,"chance_of_rain":0,"will_it_snow":0,"chance_of_snow":0,"vis_km":10.0,"vis_miles":6.0,"gust_mph":8.9,"gust_kph":14.4,"uv":5.0},{"time_epoch":1682096400,"time":"2023-04-21 19:00","temp_c":15.5,"temp_f":59.9,"is_day":1,"condition":{"text":"Partly cloudy","icon":"//cdn.weatherapi.com/weather/64x64/day/116.png","code":1003},"wind_mph":6.0,"wind_kph":9.7,"wind_degree":98,"wind_dir":"E","pressure_mb":1008.0,"pressure_in":29.76,"precip_mm":0.0,"precip_in":0.0,"humidity":52,"cloud":29,"feelslike_c":15.5,"feelslike_f":59.9,"windchill_c":15.5,"windchill_f":59.9,"heatindex_c":15.5,"heatindex_f":59.9,"dewpoint_c":5.8,"dewpoint_f":42.4,"will_it_rain":0,"chance_of_rain":0,"will_it_snow":0,"chance_of_snow":0,"vis_km":10.0,"vis_miles":6.0,"gust_mph":7.6,"gust_kph":12.2,"uv":5.0},{"time_epoch":1682100000,"time":"2023-04-21 20:00","temp_c":13.1,"temp_f":55.6,"is_day":1,"condition":{"text":"Partly cloudy","icon":"//cdn.weatherapi.com/weather/64x64/day/116.png","code":1003},"wind_mph":5.1,"wind_kph":8.3,"wind_degree":85,"wind_dir":"E","pressure_mb":1008.0,"pressure_in":29.77,"precip_mm":0.0,"precip_in":0.0,"humidity":59,"cloud":49,"feelslike_c":12.6,"feelslike_f":54.7,"windchill_c":12.6,"windchill_f":54.7,"heatindex_c":13.1,"heatindex_f":55.6,"dewpoint_c":5.3,"dewpoint_f":41.5,"will_it_rain":0,"chance_of_rain":0,"will_it_snow":0,"chance_of_snow":0,"vis_km":10.0,"vis_miles":6.0,"gust_mph":8.9,"gust_kph":14.4,"uv":4.0},{"time_epoch":1682103600,"time":"2023-04-21 21:00","temp_c":12.3,"temp_f":54.1,"is_day":0,"condition":{"text":"Partly cloudy","icon":"//cdn.weatherapi.com/weather/64x64/night/116.png","code":1003},"wind_mph":4.7,"wind_kph":7.6,"wind_degree":75,"wind_dir":"ENE","pressure_mb":1008.0,"pressure_in":29.77,"precip_mm":0.0,"precip_in":0.0,"humidity":64,"cloud":58,"feelslike_c":11.8,"feelslike_f":53.2,"windchill_c":11.8,"windchill_f":53.2,"heatindex_c":12.3,"heatindex_f":54.1,"dewpoint_c":5.8,"dewpoint_f":42.4,"will_it_rain":0,"chance_of_rain":0,"will_it_snow":0,"chance_of_snow":0,"vis_km":10.0,"vis_miles":6.0,"gust_mph":8.5,"gust_kph":13.7,"uv":1.0},{"time_epoch":1682107200,"time":"2023-04-21 22:00","temp_c":11.7,"temp_f":53.1,"is_day":0,"condition":{"text":"Partly cloudy","icon":"//cdn.weatherapi.com/weather/64x64/night/116.png","code":1003},"wind_mph":4.5,"wind_kph":7.2,"wind_degree":79,"wind_dir":"E","pressure_mb":1008.0,"pressure_in":29.75,"precip_mm":0.0,"precip_in":0.0,"humidity":70,"cloud":46,"feelslike_c":11.2,"feelslike_f":52.2,"windchill_c":11.2,"windchill_f":52.2,"heatindex_c":11.7,"heatindex_f":53.1,"dewpoint_c":6.4,"dewpoint_f":43.5,"will_it_rain":0,"chance_of_rain":0,"will_it_snow":0,"chance_of_snow":0,"vis_km":10.0,"vis_miles":6.0,"gust_mph":8.3,"gust_kph":13.3,"uv":1.0},{"time_epoch":1682110800,"time":"2023-04-21 23:00","temp_c":11.0,"temp_f":51.8,"is_day":0,"condition":{"text":"Partly cloudy","icon":"//cdn.weatherapi.com/weather/64x64/night/116.png","code":1003},"wind_mph":3.8,"wind_kph":6.1,"wind_degree":85,"wind_dir":"E","pressure_mb":1007.0,"pressure_in":29.74,"precip_mm":0.0,"precip_in":0.0,"humidity":77,"cloud":46,"feelslike_c":10.6,"feelslike_f":51.1,"windchill_c":10.6,"windchill_f":51.1,"heatindex_c":11.0,"heatindex_f":51.8,"dewpoint_c":7.0,"dewpoint_f":44.6,"will_it_rain":0,"chance_of_rain":0,"will_it_snow":0,"chance_of_snow":0,"vis_km":10.0,"vis_miles":6.0,"gust_mph":7.2,"gust_kph":11.5,"uv":1.0}]}]}}