{"location":{"name":"Athens","region":"Attica","country":"Greece","lat":37.98,"lon":23.72,"tz_id":"Europe/Athens","localtime_epoch":1681919090,"localtime":"2023-04-19 18:44"},"current":{"last_updated_epoch":1681918200,"last_updated":"2023-04-19 18:30","temp_c":18.0,"temp_f":64.4,"is_day":1,"condition":{"text":"Partly cloudy","icon":"//cdn.weatherapi.com/weather/64x64/day/116.png","code":1003},"wind_mph":5.6,"wind_kph":9.0,"wind_degree":50,"wind_dir":"NE","pressure_mb":1010.0,"pressure_in":29.83,"precip_mm":0.2,"precip_in":0.01,"humidity":60,"cloud":75,"feelslike_c":18.0,"feelslike_f":64.4,"vis_km":10.0,"vis_miles":6.0,"uv":4.0,"gust_mph":8.1,"gust_kph":13.0},"forecast":{"forecastday":[{"date":"2023-04-19","date_epoch":1681862400,"day":{"maxtemp_c":19.1,"maxtemp_f":66.4,"mintemp_c":11.8,"mintemp_f":53.2,"avgtemp_c":15.0,"avgtemp_f":59.1,"maxwind_mph":6.5,"maxwind_kph":10.4,"totalprecip_mm":7.0,"totalprecip_in":0.28,"totalsnow_cm":0.0,"avgvis_km":9.8,"avgvis_miles":6.0,"avghumidity":65.0,"daily_will_it_rain":1,"daily_chance_of_rain":85,"daily_will_it_snow":0,"daily_chance_of_snow":0,"condition":{"text":"Moderate rain","icon":"//cdn.weatherapi.com/weather/64x64/day/302.png","code":1189},"uv":4.0},"astro":{"sunrise":"06:45 AM","sunset":"08:04 PM","moonrise":"06:23 AM","moonset":"07:27 PM","moon_phase":"Waning Crescent","moon_illumination":"2","is_moon_up":0,"is_sun_up":0},"hour":[{"time_epoch":1681851600,"time":"2023-04-19 00:00","temp_c":13.6,"temp_f":56.5,"is_day":0,"condition":{"text":"Clear","icon":"//cdn.weatherapi.com/weather/64x64/night/113.png","code":1000},"wind_mph":2.9,"wind_kph":4.7,"wind_degree":276,"wind_dir":"W","pressure_mb":1012.0,"pressure_in":29.88,"precip_mm":0.0,"precip_in":0.0,"humidity":69,"cloud":13,"feelslike_c":13.9,"feelslike_f":57.0,"windchill_c":13.9,"windchill_f":57.0,"heatindex_c":13.6,"heatindex_f":56.5,"dewpoint_c":8.1,"dewpoint_f":46.6,"will_it_rain":0,"chance_of_rain":0,"will_it_snow":0,"chance_of_snow":0,"vis_km":10.0,"vis_miles":6.0,"gust_mph":4.9,"gust_kph":7.9,"uv":1.0},{"time_epoch":1681855200,"time":"2023-04-19 01:00","temp_c":13.2,"temp_f":55.8,"is_day":0,"condition":{"text":"Clear","icon":"//cdn.weatherapi.com/weather/64x64/night/113.png","code":1000},"wind_mph":3.8,"wind_kph":6.1,"wind_degree":294,"wind_dir":"WNW","pressure_mb":1012.0,"pressure_in":29.87,"precip_mm":0.0,"precip_in":0.0,"humidity":71,"cloud":11,"feelslike_c":13.1,"feelslike_f":55.6,"windchill_c":13.1,"windchill_f":55.6,"heatindex_c":13.2,"heatindex_f":55.8,"dewpoint_c":8.0,"dewpoint_f":46.4,"will_it_rain":0,"chance_of_rain":0,"will_it_snow":0,"chance_of_snow":0,"vis_km":10.0,"vis_miles":6.0,"gust_mph":6.5,"gust_kph":10.4,"uv":1.0},{"time_epoch":1681858800,"time":"2023-04-19 02:00","temp_c":12.7,"temp_f":54.9,"is_day":0,"condition":{"text":"Clear","icon":"//cdn.weatherapi.com/weather/64x64/night/113.png","code":1000},"wind_mph":4.0,"wind_kph":6.5,"wind_degree":307,"wind_dir":"NW","pressure_mb":1011.0,"pressure_in":29.86,"precip_mm":0.0,"precip_in":0.0,"humidity":71,"cloud":11,"feelslike_c":12.5,"feelslike_f":54.5,"windchill_c":12.5,"windchill_f":54.5,"heatindex_c":12.7,"heatindex_f":54.9,"dewpoint_c":7.6,"dewpoint_f":45.7,"will_it_rain":0,"chance_of_rain":0,"will_it_snow":0,"chance_of_snow":0,"vis_km":10.0,"vis_miles":6.0,"gust_mph":7.2,"gust_kph":11.5,"uv":1.0},{"time_epoch":1681862400,"time":"2023-04-19 03:00","temp_c":12.4,"temp_f":54.3,"is_day":0,"condition":{"text":"Clear","icon":"//cdn.weatherapi.com/weather/64x64/night/113.png","code":1000},"wind_mph":4.7,"wind_kph":7.6,"wind_degree":314,"wind_dir":"NW","pressure_mb":1011.0,"pressure_in":29.85,"precip_mm":0.0,"precip_in":0.0,"humidity":71,"cloud":14,"feelslike_c":11.9,"feelslike_f":53.4,"windchill_c":11.9,"windchill_f":53.4,"heatindex_c":12.4,"heatindex_f":54.3,"dewpoint_c":7.4,"dewpoint_f":45.3,"will_it_rain":0,"chance_of_rain":0,"will_it_snow":0,"chance_of_snow":0,"vis_km":10.0,"vis_miles":6.0,"gust_mph":8.5,"gust_kph":13.7,"uv":1.0},{"time_epoch":1681866000,"time":"2023-04-19 04:00","temp_c":12.2,"temp_f":54.0,"is_day":0,"condition":{"text":"Clear","icon":"//cdn.weatherapi.com/weather/64x64/night/113.png","code":1000},"wind_mph":4.9,"wind_kph":7.9,"wind_degree":319,"wind_dir":"NW","pressure_mb":1011.0,"pressure_in":29.85,"precip_mm":0.0,"precip_in":0.0,"humidity":71,"cloud":13,"feelslike_c":11.6,"feelslike_f":52.9,"windchill_c":11.6,"windchill_f":52.9,"heatindex_c":12.2,"heatindex_f":54.0,"dewpoint_c":7.2,"dewpoint_f":45.0,"will_it_rain":0,"chance_of_rain":0,"will_it_snow":0,"chance_of_snow":0,"vis_km":10.0,"vis_miles":6.0,"gust_mph":8.7,"gust_kph":14.0,"uv":1.0},{"time_epoch":1681869600,"time":"2023-04-19 05:00","temp_c":11.8,"temp_f":53.2,"is_day":0,"condition":{"text":"Clear","icon":"//cdn.weatherapi.com/weather/64x64/night/113.png","code":1000},"wind_mph":4.9,"wind_kph":7.9,"wind_degree":316,"wind_dir":"NW","pressure_mb":1011.0,"pressure_in":29.85,"precip_mm":0.0,"precip_in":0.0,"humidity":71,"cloud":12,"feelslike_c":11.1,"feelslike_f":52.0,"windchill_c":11.1,"windchill_f":52.0,"heatindex_c":11.8,"heatindex_f":53.2,"dewpoint_c":6.7,"dewpoint_f":44.1,"will_it_rain":0,"chance_of_rain":0,"will_it_snow":0,"chance_of_snow":0,"vis_km":10.0,"vis_miles":6.0,"gust_mph":8.9,"gust_kph":14.4,"uv":1.0},{"time_epoch":1681873200,"time":"2023-04-19 06:00","temp_c":11.9,"temp_f":53.4,"is_day":0,"condition":{"text":"Clear","icon":"//cdn.weatherapi.com/weather/64x64/night/113.png","code":1000},"wind_mph":4.7,"wind_kph":7.6,"wind_degree":314,"wind_dir":"NW","pressure_mb":1011.0,"pressure_in":29.86,"precip_mm":0.0,"precip_in":0.0,"humidity":72,"cloud":8,"feelslike_c":11.3,"feelslike_f":52.3,"windchill_c":11.3,"windchill_f":52.3,"heatindex_c":11.9,"heatindex_f":53.4,"dewpoint_c":6.9,"dewpoint_f":44.4,"will_it_rain":0,"chance_of_rain":0,"will_it_snow":0,"chance_of_snow":0,"vis_km":10.0,"vis_miles":6.0,"gust_mph":8.1,"gust_kph":13.0,"uv":1.0},{"time_epoch":1681876800,"time":"2023-04-19 07:00","temp_c":13.5,"temp_f":56.3,"is_day":1,"condition":{"text":"Sunny","icon":"//cdn.weatherapi.com/weather/64x64/day/113.png","code":1000},"wind_mph":4.5,"wind_kph":7.2,"wind_degree":306,"wind_dir":"NW","pressure_mb":1011.0,"pressure_in":29.87,"precip_mm":0.0,"precip_in":0.0,"humidity":67,"cloud":7,"feelslike_c":13.3,"feelslike_f":55.9,"windchill_c":13.3,"windchill_f":55.9,"heatindex_c":13.5,"heatindex_f":56.3,"dewpoint_c":7.4,"dewpoint_f":45.3,"will_it_rain":0,"chance_of_rain":0,"will_it_snow":0,"chance_of_snow":0,"vis_km":10.0,"vis_miles":6.0,"gust_mph":5.6,"gust_kph":9.0,"uv":4.0},{"time_epoch":1681880400,"time":"2023-04-19 08:00","temp_c":14.7,"temp_f":58.5,"is_day":1,"condition":{"text":"Sunny","icon":"//cdn.weatherapi.com/weather/64x64/day/113.png","code":1000},"wind_mph":5.1,"wind_kph":8.3,"wind_degree":303,"wind_dir":"WNW","pressure_mb":1011.0,"pressure_in":29.87,"precip_mm":0.0,"precip_in":0.0,"humidity":61,"cloud":6,"feelslike_c":14.5,"feelslike_f":58.1,"windchill_c":14.5,"windchill_f":58.1,"heatindex_c":14.7,"heatindex_f":58.5,"dewpoint_c":7.3,"dewpoint_f":45.1,"will_it_rain":0,"chance_of_rain":0,"will_it_snow":0,"chance_of_snow":0,"vis_km":10.0,"vis_miles":6.0,"gust_mph":5.8,"gust_kph":9.4,"uv":4.0},{"time_epoch":1681884000,"time":"2023-04-19 09:00","temp_c":15.9,"temp_f":60.6,"is_day":1,"condition":{"text":"Sunny","icon":"//cdn.weatherapi.com/weather/64x64/day/113.png","code":1000},"wind_mph":4.5,"wind_kph":7.2,"wind_degree":299,"wind_dir":"WNW","pressure_mb":1011.0,"pressure_in":29.87,"precip_mm":0.0,"precip_in":0.0,"humidity":54,"cloud":7,"feelslike_c":15.9,"feelslike_f":60.6,"windchill_c":15.9,"windchill_f":60.6,"heatindex_c":15.9,"heatindex_f":60.6,"dewpoint_c":6.8,"dewpoint_f":44.2,"will_it_rain":0,"chance_of_rain":0,"will_it_snow":0,"chance_of_snow":0,"vis_km":10.0,"vis_miles":6.0,"gust_mph":5.1,"gust_kph":8.3,"uv":5.0},{"time_epoch":1681887600,"time":"2023-04-19 10:00","temp_c":17.2,"temp_f":63.0,"is_day":1,"condition":{"text":"Sunny","icon":"//cdn.weatherapi.com/weather/64x64/day/113.png","code":1000},"wind_mph":4.3,"wind_kph":6.8,"wind_degree":284,"wind_dir":"WNW","pressure_mb":1011.0,"pressure_in":29.87,"precip_mm":0.0,"precip_in":0.0,"humidity":50,"cloud":9,"feelslike_c":17.2,"feelslike_f":63.0,"windchill_c":17.2,"windchill_f":63.0,"heatindex_c":17.2,"heatindex_f":63.0,"dewpoint_c":6.7,"dewpoint_f":44.1,"will_it_rain":0,"chance_of_rain":0,"will_it_snow":0,"chance_of_snow":0,"vis_km":10.0,"vis_miles":6.0,"gust_mph":4.9,"gust_kph":7.9,"uv":5.0},{"time_epoch":1681891200,"time":"2023-04-19 11:00","temp_c":18.5,"temp_f":65.3,"is_day":1,"condition":{"text":"Patchy rain possible","icon":"//cdn.weatherapi.com/weather/64x64/day/176.png","code":1063},"wind_mph":5.1,"wind_kph":8.3,"wind_degree":270,"wind_dir":"W","pressure_mb":1011.0,"pressure_in":29.86,"precip_mm":0.3,"precip_in":0.01,"humidity":48,"cloud":71,"feelslike_c":18.5,"feelslike_f":65.3,"windchill_c":18.5,"windchill_f":65.3,"heatindex_c":18.5,"heatindex_f":65.3,"dewpoint_c":7.2,"dewpoint_f":45.0,"will_it_rain":1,"chance_of_rain":73,"will_it_snow":0,"chance_of_snow":0,"vis_km":9.0,"vis_miles":5.0,"gust_mph":6.0,"gust_kph":9.7,"uv":4.0},{"time_epoch":1681894800,"time":"2023-04-19 12:00","temp_c":19.1,"temp_f":66.4,"is_day":1,"condition":{"text":"Partly cloudy","icon":"//cdn.weatherapi.com/weather/64x64/day/116.png","code":1003},"wind_mph":5.6,"wind_kph":9.0,"wind_degree":257,"wind_dir":"WSW","pressure_mb":1011.0,"pressure_in":29.85,"precip_mm":0.0,"precip_in":0.0,"humidity":47,"cloud":49,"feelslike_c":19.1,"feelslike_f":66.4,"windchill_c":19.1,"windchill_f":66.4,"heatindex_c":19.1,"heatindex_f":66.4,"dewpoint_c":7.5,"dewpoint_f":45.5,"will_it_rain":0,"chance_of_rain":0,"will_it_snow":0,"chance_of_snow":0,"vis_km":10.0,"vis_miles":6.0,"gust_mph":6.5,"gust_kph":10.4,"uv":5.0},{"time_epoch":1681898400,"time":"2023-04-19 13:00","temp_c":18.7,"temp_f":65.7,"is_day":1,"condition":{"text":"Light rain shower","icon":"//cdn.weatherapi.com/weather/64x64/day/353.png","code":1240},"wind_mph":6.3,"wind_kph":10.1,"wind_degree":240,"wind_dir":"WSW","pressure_mb":1011.0,"pressure_in":29.85,"precip_mm":0.3,"precip_in":0.01,"humidity":48,"cloud":59,"feelslike_c":18.7,"feelslike_f":65.7,"windchill_c":18.7,"windchill_f":65.7,"heatindex_c":18.7,"heatindex_f":65.7,"dewpoint_c":7.6,"dewpoint_f":45.7,"will_it_rain":1,"chance_of_rain":77,"will_it_snow":0,"chance_of_snow":0,"vis_km":10.0,"vis_miles":6.0,"gust_mph":8.9,"gust_kph":14.4,"uv":4.0},{"time_epoch":1681902000,"time":"2023-04-19 14:00","temp_c":18.0,"temp_f":64.4,"is_day":1,"condition":{"text":"Light rain shower","icon":"//cdn.weatherapi.com/weather/64x64/day/353.png","code":1240},"wind_mph":5.1,"wind_kph":8.3,"wind_degree":213,"wind_dir":"SSW","pressure_mb":1011.0,"pressure_in":29.85,"precip_mm":0.7,"precip_in":0.03,"humidity":53,"cloud":72,"feelslike_c":18.0,"feelslike_f":64.4,"windchill_c":18.0,"windchill_f":64.4,"heatindex_c":18.0,"heatindex_f":64.4,"dewpoint_c":8.2,"dewpoint_f":46.8,"will_it_rain":0,"chance_of_rain":63,"will_it_snow":0,"chance_of_snow":0,"vis_km":10.0,"vis_miles":6.0,"gust_mph":6.5,"gust_kph":10.4,"uv":4.0},{"time_epoch":1681905600,"time":"2023-04-19 15:00","temp_c":17.4,"temp_f":63.3,"is_day":1,"condition":{"text":"Light rain shower","icon":"//cdn.weatherapi.com/weather/64x64/day/353.png","code":1240},"wind_mph":4.3,"wind_kph":6.8,"wind_degree":180,"wind_dir":"S","pressure_mb":1011.0,"pressure_in":29.84,"precip_mm":1.1,"precip_in":0.04,"humidity":57,"cloud":55,"feelslike_c":17.4,"feelslike_f":63.3,"windchill_c":17.4,"windchill_f":63.3,"heatindex_c":17.4,"heatindex_f":63.3,"dewpoint_c":8.8,"dewpoint_f":47.8,"will_it_rain":1,"chance_of_rain":71,"will_it_snow":0,"chance_of_snow":0,"vis_km":10.0,"vis_miles":6.0,"gust_mph":5.6,"gust_kph":9.0,"uv":4.0},{"time_epoch":1681909200,"time":"2023-04-19 16:00","temp_c":16.9,"temp_f":62.4,"is_day":1,"condition":{"text":"Patchy light rain with thunder","icon":"//cdn.weatherapi.com/weather/64x64/day/386.png","code":1273},"wind_mph":6.0,"wind_kph":9.7,"wind_degree":137,"wind_dir":"SE","pressure_mb":1011.0,"pressure_in":29.85,"precip_mm":0.3,"precip_in":0.01,"humidity":63,"cloud":73,"feelslike_c":16.9,"feelslike_f":62.4,"windchill_c":16.9,"windchill_f":62.4,"heatindex_c":16.9,"heatindex_f":62.4,"dewpoint_c":9.7,"dewpoint_f":49.5,"will_it_rain":1,"chance_of_rain":77,"will_it_snow":0,"chance_of_snow":0,"vis_km":10.0,"vis_miles":6.0,"gust_mph":7.4,"gust_kph":11.9,"uv":4.0},{"time_epoch":1681912800,"time":"2023-04-19 17:00","temp_c":16.0,"temp_f":60.8,"is_day":1,"condition":{"text":"Moderate or heavy rain shower","icon":"//cdn.weatherapi.com/weather/64x64/day/356.png","code":1243},"wind_mph":5.4,"wind_kph":8.6,"wind_degree":166,"wind_dir":"SSE","pressure_mb":1011.0,"pressure_in":29.86,"precip_mm":2.7,"precip_in":0.11,"humidity":69,"cloud":64,"feelslike_c":16.0,"feelslike_f":60.8,"windchill_c":16.0,"windchill_f":60.8,"heatindex_c":16.0,"heatindex_f":60.8,"dewpoint_c":10.3,"dewpoint_f":50.5,"will_it_rain":1,"chance_of_rain":78,"will_it_snow":0,"chance_of_snow":0,"vis_km":7.0,"vis_miles":4.0,"gust_mph":8.5,"gust_kph":13.7,"uv":4.0},{"time_epoch":1681916400,"time":"2023-04-19 18:00","temp_c":15.9,"temp_f":60.6,"is_day":1,"condition":{"text":"Light rain shower","icon":"//cdn.weatherapi.com/weather/64x64/day/353.png","code":1240},"wind_mph":6.5,"wind_kph":10.4,"wind_degree":215,"wind_dir":"SW","pressure_mb":1011.0,"pressure_in":29.85,"precip_mm":0.2,"precip_in":0.01,"humidity":68,"cloud":55,"feelslike_c":15.9,"feelslike_f":60.6,"windchill_c":15.9,"windchill_f":60.6,"heatindex_c":15.9,"heatindex_f":60.6,"dewpoint_c":10.1,"dewpoint_f":50.2,"will_it_rain":0,"chance_of_rain":66,"will_it_snow":0,"chance_of_snow":0,"vis_km":10.0,"vis_miles":6.0,"gust_mph":8.1,"gust_kph":13.0,"uv":4.0},{"time_epoch":1681920000,"time":"2023-04-19 19:00","temp_c":15.1,"temp_f":59.2,"is_day":1,"condition":{"text":"Patchy rain possible","icon":"//cdn.weatherapi.com/weather/64x64/day/176.png","code":1063},"wind_mph":6.3,"wind_kph":10.1,"wind_degree":248,"wind_dir":"WSW","pressure_mb":1011.0,"pressure_in":29.86,"precip_mm":0.7,"precip_in":0.03,"humidity":74,"cloud":73,"feelslike_c":15.1,"feelslike_f":59.2,"windchill_c":15.1,"windchill_f":59.2,"heatindex_c":15.1,"heatindex_f":59.2,"dewpoint_c":10.6,"dewpoint_f":51.1,"will_it_rain":1,"chance_of_rain":85,"will_it_snow":0,"chance_of_snow":0,"vis_km":9.0,"vis_miles":5.0,"gust_mph":10.3,"gust_kph":16.6,"uv":4.0},{"time_epoch":1681923600,"time":"2023-04-19 20:00","temp_c":14.1,"temp_f":57.4,"is_day":1,"condition":{"text":"Light rain shower","icon":"//cdn.weatherapi.com/weather/64x64/day/353.png","code":1240},"wind_mph":2.5,"wind_kph":4.0,"wind_degree":284,"wind_dir":"WNW","pressure_mb":1012.0,"pressure_in":29.88,"precip_mm":0.7,"precip_in":0.03,"humidity":78,"cloud":71,"feelslike_c":14.7,"feelslike_f":58.5,"windchill_c":14.7,"windchill_f":58.5,"heatindex_c":14.1,"heatindex_f":57.4,"dewpoint_c":10.3,"dewpoint_f":50.5,"will_it_rain":1,"chance_of_rain":84,"will_it_snow":0,"chance_of_snow":0,"vis_km":10.0,"vis_miles":6.0,"gust_mph":3.1,"gust_kph":5.0,"uv":3.0},{"time_epoch":1681927200,"time":"2023-04-19 21:00","temp_c":14.3,"temp_f":57.7,"is_day":0,"condition":{"text":"Partly cloudy","icon":"//cdn.weatherapi.com/weather/64x64/night/116.png","code":1003},"wind_mph":3.1,"wind_kph":5.0,"wind_degree":352,"wind_dir":"N","pressure_mb":1012.0,"pressure_in":29.9,"precip_mm":0.0,"precip_in":0.0,"humidity":77,"cloud":56,"feelslike_c":14.6,"feelslike_f":58.3,"windchill_c":14.6,"windchill_f":58.3,"heatindex_c":14.3,"heatindex_f":57.7,"dewpoint_c":10.3,"dewpoint_f":50.5,"will_it_rain":0,"chance_of_rain":0,"will_it_snow":0,"chance_of_snow":0,"vis_km":10.0,"vis_miles":6.0,"gust_mph":4.0,"gust_kph":6.5,"uv":1.0},{"time_epoch":1681930800,"time":"2023-04-19 22:00","temp_c":14.3,"temp_f":57.7,"is_day":0,"condition":{"text":"Partly cloudy","icon":"//cdn.weatherapi.com/weather/64x64/night/116.png","code":1003},"wind_mph":2.5,"wind_kph":4.0,"wind_degree":348,"wind_dir":"NNW","pressure_mb":1012.0,"pressure_in":29.9,"precip_mm":0.0,"precip_in":0.0,"humidity":75,"cloud":31,"feelslike_c":14.9,"feelslike_f":58.8,"windchill_c":14.9,"windchill_f":58.8,"heatindex_c":14.3,"heatindex_f":57.7,"dewpoint_c":10.0,"dewpoint_f":50.0,"will_it_rain":0,"chance_of_rain":0,"will_it_snow":0,"chance_of_snow":0,"vis_km":10.0,"vis_miles":6.0,"gust_mph":3.6,"gust_kph":5.8,"uv":1.0},{"time_epoch":1681934400,"time":"2023-04-19 23:00","temp_c":13.5,"temp_f":56.3,"is_day":0,"condition":{"text":"Clear","icon":"//cdn.weatherapi.com/weather/64x64/night/113.png","code":1000},"wind_mph":2.7,"wind_kph":4.3,"wind_degree":321,"wind_dir":"NW","pressure_mb":1013.0,"pressure_in":29.9,"precip_mm":0.0,"precip_in":0.0,"humidity":76,"cloud":20,"feelslike_c":13.9,"feelslike_f":57.0,"windchill_c":13.9,"windchill_f":57.0,"heatindex_c":13.5,"heatindex_f":56.3,"dewpoint_c":9.4,"dewpoint_f":48.9,"will_it_rain":0,"chance_of_rain":0,"will_it_snow":0,"chance_of_snow":0,"vis_km":10.0,"vis_miles":6.0,"gust_mph":4.5,"gust_kph":7.2,"uv":1.0}]},{"date":"2023-04-20","date_epoch":1681948800,"day":{"maxtemp_c":19.7,"maxtemp_f":67.5,"mintemp_c":11.4,"mintemp_f":52.5,"avgtemp_c":15.7,"avgtemp_f":60.3,"maxwind_mph":8.5,"maxwind_kph":13.7,"totalprecip_mm":0.0,"totalprecip_in":0.0,"totalsnow_cm":0.0,"avgvis_km":10.0,"avgvis_miles":6.0,"avghumidity":66.0,"daily_will_it_rain":0,"daily_chance_of_rain":0,"daily_will_it_snow":0,"daily_chance_of_snow":0,"condition":{"text":"Sunny","icon":"//cdn.weatherapi.com/weather/64x64/day/113.png","code":1000},"uv":5.0},"astro":{"sunrise":"06:43 AM","sunset":"08:05 PM","moonrise":"06:50 AM","moonset":"08:36 PM","moon_phase":"New Moon","moon_illumination":"0","is_moon_up":0,"is_sun_up":0},"hour":[{"time_epoch":1681938000,"time":"2023-04-20 00:00","temp_c":13.1,"temp_f":55.6,"is_day":0,"condition":{"text":"Clear","icon":"//cdn.weatherapi.com/weather/64x64/night/113.png","code":1000},"wind_mph":3.1,"wind_kph":5.0,"wind_degree":321,"wind_dir":"NW","pressure_mb":1013.0,"pressure_in":29.91,"precip_mm":0.0,"precip_in":0.0,"humidity":77,"cloud":18,"feelslike_c":13.3,"feelslike_f":55.9,"windchill_c":13.3,"windchill_f":55.9,"heatindex_c":13.1,"heatindex_f":55.6,"dewpoint_c":9.1,"dewpoint_f":48.4,"will_it_rain":0,"chance_of_rain":0,"will_it_snow":0,"chance_of_snow":0,"vis_km":10.0,"vis_miles":6.0,"gust_mph":5.4,"gust_kph":8.6,"uv":1.0},{"time_epoch":1681941600,"time":"2023-04-20 01:00","temp_c":12.9,"temp_f":55.2,"is_day":0,"condition":{"text":"Clear","icon":"//cdn.weatherapi.com/weather/64x64/night/113.png","code":1000},"wind_mph":3.4,"wind_kph":5.4,"wind_degree":306,"wind_dir":"NW","pressure_mb":1013.0,"pressure_in":29.9,"precip_mm":0.0,"precip_in":0.0,"humidity":77,"cloud":20,"feelslike_c":12.9,"feelslike_f":55.2,"windchill_c":12.9,"windchill_f":55.2,"heatindex_c":12.9,"heatindex_f":55.2,"dewpoint_c":9.0,"dewpoint_f":48.2,"will_it_rain":0,"chance_of_rain":0,"will_it_snow":0,"chance_of_snow":0,"vis_km":10.0,"vis_miles":6.0,"gust_mph":5.8,"gust_kph":9.4,"uv":1.0},{"time_epoch":1681945200,"time":"2023-04-20 02:00","temp_c":12.4,"temp_f":54.3,"is_day":0,"condition":{"text":"Clear","icon":"//cdn.weatherapi.com/weather/64x64/night/113.png","code":1000},"wind_mph":2.9,"wind_kph":4.7,"wind_degree":320,"wind_dir":"NW","pressure_mb":1013.0,"pressure_in":29.9,"precip_mm":0.0,"precip_in":0.0,"humidity":78,"cloud":18,"feelslike_c":12.6,"feelslike_f":54.7,"windchill_c":12.6,"windchill_f":54.7,"heatindex_c":12.4,"heatindex_f":54.3,"dewpoint_c":8.7,"dewpoint_f":47.7,"will_it_rain":0,"chance_of_rain":0,"will_it_snow":0,"chance_of_snow":0,"vis_km":10.0,"vis_miles":6.0,"gust_mph":5.4,"gust_kph":8.6,"uv":1.0},{"time_epoch":1681948800,"time":"2023-04-20 03:00","temp_c":11.9,"temp_f":53.4,"is_day":0,"condition":{"text":"Clear","icon":"//cdn.weatherapi.com/weather/64x64/night/113.png","code":1000},"wind_mph":2.5,"wind_kph":4.0,"wind_degree":353,"wind_dir":"N","pressure_mb":1012.0,"pressure_in":29.9,"precip_mm":0.0,"precip_in":0.0,"humidity":78,"cloud":13,"feelslike_c":12.2,"feelslike_f":54.0,"windchill_c":12.2,"windchill_f":54.0,"heatindex_c":11.9,"heatindex_f":53.4,"dewpoint_c":8.2,"dewpoint_f":46.8,"will_it_rain":0,"chance_of_rain":0,"will_it_snow":0,"chance_of_snow":0,"vis_km":10.0,"vis_miles":6.0,"gust_mph":4.7,"gust_kph":7.6,"uv":1.0},{"time_epoch":1681952400,"time":"2023-04-20 04:00","temp_c":11.6,"temp_f":52.9,"is_day":0,"condition":{"text":"Clear","icon":"//cdn.weatherapi.com/weather/64x64/night/113.png","code":1000},"wind_mph":3.1,"wind_kph":5.0,"wind_degree":340,"wind_dir":"NNW","pressure_mb":1012.0,"pressure_in":29.89,"precip_mm":0.0,"precip_in":0.0,"humidity":78,"cloud":15,"feelslike_c":11.6,"feelslike_f":52.9,"windchill_c":11.6,"windchill_f":52.9,"heatindex_c":11.6,"heatindex_f":52.9,"dewpoint_c":7.8,"dewpoint_f":46.0,"will_it_rain":0,"chance_of_rain":0,"will_it_snow":0,"chance_of_snow":0,"vis_km":10.0,"vis_miles":6.0,"gust_mph":6.3,"gust_kph":10.1,"uv":1.0},{"time_epoch":1681956000,"time":"2023-04-20 05:00","temp_c":11.4,"temp_f":52.5,"is_day":0,"condition":{"text":"Clear","icon":"//cdn.weatherapi.com/weather/64x64/night/113.png","code":1000},"wind_mph":3.6,"wind_kph":5.8,"wind_degree":347,"wind_dir":"NNW","pressure_mb":1012.0,"pressure_in":29.89,"precip_mm":0.0,"precip_in":0.0,"humidity":78,"cloud":12,"feelslike_c":11.1,"feelslike_f":52.0,"windchill_c":11.1,"windchill_f":52.0,"heatindex_c":11.4,"heatindex_f":52.5,"dewpoint_c":7.7,"dewpoint_f":45.9,"will_it_rain":0,"chance_of_rain":0,"will_it_snow":0,"chance_of_snow":0,"vis_km":10.0,"vis_miles":6.0,"gust_mph":7.2,"gust_kph":11.5,"uv":1.0},{"time_epoch":1681959600,"time":"2023-04-20 06:00","temp_c":11.5,"temp_f":52.7,"is_day":0,"condition":{"text":"Clear","icon":"//cdn.weatherapi.com/weather/64x64/night/113.png","code":1000},"wind_mph":3.6,"wind_kph":5.8,"wind_degree":359,"wind_dir":"N","pressure_mb":1012.0,"pressure_in":29.9,"precip_mm":0.0,"precip_in":0.0,"humidity":77,"cloud":10,"feelslike_c":11.3,"feelslike_f":52.3,"windchill_c":11.3,"windchill_f":52.3,"heatindex_c":11.5,"heatindex_f":52.7,"dewpoint_c":7.6,"dewpoint_f":45.7,"will_it_rain":0,"chance_of_rain":0,"will_it_snow":0,"chance_of_snow":0,"vis_km":10.0,"vis_miles":6.0,"gust_mph":7.2,"gust_kph":11.5,"uv":1.0},{"time_epoch":1681963200,"time":"2023-04-20 07:00","temp_c":14.1,"temp_f":57.4,"is_day":1,"condition":{"text":"Sunny","icon":"//cdn.weatherapi.com/weather/64x64/day/113.png","code":1000},"wind_mph":2.9,"wind_kph":4.7,"wind_degree":17,"wind_dir":"NNE","pressure_mb":1013.0,"pressure_in":29.91,"precip_mm":0.0,"precip_in":0.0,"humidity":70,"cloud":9,"feelslike_c":14.5,"feelslike_f":58.1,"windchill_c":14.5,"windchill_f":58.1,"heatindex_c":14.1,"heatindex_f":57.4,"dewpoint_c":8.7,"dewpoint_f":47.7,"will_it_rain":0,"chance_of_rain":0,"will_it_snow":0,"chance_of_snow":0,"vis_km":10.0,"vis_miles":6.0,"gust_mph":3.8,"gust_kph":6.1,"uv":4.0},{"time_epoch":1681966800,"time":"2023-04-20 08:00","temp_c":15.4,"temp_f":59.7,"is_day":1,"condition":{"text":"Sunny","icon":"//cdn.weatherapi.com/weather/64x64/day/113.png","code":1000},"wind_mph":0.9,"wind_kph":1.4,"wind_degree":40,"wind_dir":"NE","pressure_mb":1013.0,"pressure_in":29.91,"precip_mm":0.0,"precip_in":0.0,"humidity":64,"cloud":8,"feelslike_c":15.4,"feelslike_f":59.7,"windchill_c":15.4,"windchill_f":59.7,"heatindex_c":15.4,"heatindex_f":59.7,"dewpoint_c":8.6,"dewpoint_f":47.5,"will_it_rain":0,"chance_of_rain":0,"will_it_snow":0,"chance_of_snow":0,"vis_km":10.0,"vis_miles":6.0,"gust_mph":1.1,"gust_kph":1.8,"uv":5.0},{"time_epoch":1681970400,"time":"2023-04-20 09:00","temp_c":16.4,"temp_f":61.5,"is_day":1,"condition":{"text":"Sunny","icon":"//cdn.weatherapi.com/weather/64x64/day/113.png","code":1000},"wind_mph":1.8,"wind_kph":2.9,"wind_degree":218,"wind_dir":"SW","pressure_mb":1013.0,"pressure_in":29.92,"precip_mm":0.0,"precip_in":0.0,"humidity":60,"cloud":9,"feelslike_c":16.4,"feelslike_f":61.5,"windchill_c":16.4,"windchill_f":61.5,"heatindex_c":16.4,"heatindex_f":61.5,"dewpoint_c":8.6,"dewpoint_f":47.5,"will_it_rain":0,"chance_of_rain":0,"will_it_snow":0,"chance_of_snow":0,"vis_km":10.0,"vis_miles":6.0,"gust_mph":2.0,"gust_kph":3.2,"uv":5.0},{"time_epoch":1681974000,"time":"2023-04-20 10:00","temp_c":17.3,"temp_f":63.1,"is_day":1,"condition":{"text":"Sunny","icon":"//cdn.weatherapi.com/weather/64x64/day/113.png","code":1000},"wind_mph":4.3,"wind_kph":6.8,"wind_degree":214,"wind_dir":"SW","pressure_mb":1013.0,"pressure_in":29.92,"precip_mm":0.0,"precip_in":0.0,"humidity":57,"cloud":9,"feelslike_c":17.3,"feelslike_f":63.1,"windchill_c":17.3,"windchill_f":63.1,"heatindex_c":17.3,"heatindex_f":63.1,"dewpoint_c":8.7,"dewpoint_f":47.7,"will_it_rain":0,"chance_of_rain":0,"will_it_snow":0,"chance_of_snow":0,"vis_km":10.0,"vis_miles":6.0,"gust_mph":4.9,"gust_kph":7.9,"uv":5.0},{"time_epoch":1681977600,"time":"2023-04-20 11:00","temp_c":18.5,"temp_f":65.3,"is_day":1,"condition":{"text":"Sunny","icon":"//cdn.weatherapi.com/weather/64x64/day/113.png","code":1000},"wind_mph":6.3,"wind_kph":10.1,"wind_degree":202,"wind_dir":"SSW","pressure_mb":1013.0,"pressure_in":29.93,"precip_mm":0.0,"precip_in":0.0,"humidity":55,"cloud":20,"feelslike_c":18.5,"feelslike_f":65.3,"windchill_c":18.5,"windchill_f":65.3,"heatindex_c":18.5,"heatindex_f":65.3,"dewpoint_c":9.2,"dewpoint_f":48.6,"will_it_rain":0,"chance_of_rain":0,"will_it_snow":0,"chance_of_snow":0,"vis_km":10.0,"vis_miles":6.0,"gust_mph":7.2,"gust_kph":11.5,"uv":5.0},{"time_epoch":1681981200,"time":"2023-04-20 12:00","temp_c":18.9,"temp_f":66.0,"is_day":1,"condition":{"text":"Partly cloudy","icon":"//cdn.weatherapi.com/weather/64x64/day/116.png","code":1003},"wind_mph":8.3,"wind_kph":13.3,"wind_degree":201,"wind_dir":"SSW","pressure_mb":1013.0,"pressure_in":29.92,"precip_mm":0.0,"precip_in":0.0,"humidity":53,"cloud":28,"feelslike_c":18.9,"feelslike_f":66.0,"windchill_c":18.9,"windchill_f":66.0,"heatindex_c":18.9,"heatindex_f":66.0,"dewpoint_c":9.2,"dewpoint_f":48.6,"will_it_rain":0,"chance_of_rain":0,"will_it_snow":0,"chance_of_snow":0,"vis_km":10.0,"vis_miles":6.0,"gust_mph":9.6,"gust_kph":15.5,"uv":5.0},{"time_epoch":1681984800,"time":"2023-04-20 13:00","temp_c":19.0,"temp_f":66.2,"is_day":1,"condition":{"text":"Sunny","icon":"//cdn.weatherapi.com/weather/64x64/day/113.png","code":1000},"wind_mph":8.3,"wind_kph":13.3,"wind_degree":197,"wind_dir":"SSW","pressure_mb":1013.0,"pressure_in":29.91,"precip_mm":0.0,"precip_in":0.0,"humidity":52,"cloud":24,"feelslike_c":19.0,"feelslike_f":66.2,"windchill_c":19.0,"windchill_f":66.2,"heatindex_c":19.0,"heatindex_f":66.2,"dewpoint_c":9.1,"dewpoint_f":48.4,"will_it_rain":0,"chance_of_rain":0,"will_it_snow":0,"chance_of_snow":0,"vis_km":10.0,"vis_miles":6.0,"gust_mph":9.6,"gust_kph":15.5,"uv":5.0},{"time_epoch":1681988400,"time":"2023-04-20 14:00","temp_c":19.3,"temp_f":66.7,"is_day":1,"condition":{"text":"Sunny","icon":"//cdn.weatherapi.com/weather/64x64/day/113.png","code":1000},"wind_mph":8.1,"wind_kph":13.0,"wind_degree":194,"wind_dir":"SSW","pressure_mb":1013.0,"pressure_in":29.9,"precip_mm":0.0,"precip_in":0.0,"humidity":51,"cloud":17,"feelslike_c":19.3,"feelslike_f":66.7,"windchill_c":19.3,"windchill_f":66.7,"heatindex_c":19.3,"heatindex_f":66.7,"dewpoint_c":8.9,"dewpoint_f":48.0,"will_it_rain":0,"chance_of_rain":0,"will_it_snow":0,"chance_of_snow":0,"vis_km":10.0,"vis_miles":6.0,"gust_mph":9.2,"gust_kph":14.8,"uv":5.0},{"time_epoch":1681992000,"time":"2023-04-20 15:00","temp_c":19.6,"temp_f":67.3,"is_day":1,"condition":{"text":"Sunny","icon":"//cdn.weatherapi.com/weather/64x64/day/113.png","code":1000},"wind_mph":8.5,"wind_kph":13.7,"wind_degree":194,"wind_dir":"SSW","pressure_mb":1012.0,"pressure_in":29.88,"precip_mm":0.0,"precip_in":0.0,"humidity":50,"cloud":12,"feelslike_c":19.6,"feelslike_f":67.3,"windchill_c":19.6,"windchill_f":67.3,"heatindex_c":19.6,"heatindex_f":67.3,"dewpoint_c":8.9,"dewpoint_f":48.0,"will_it_rain":0,"chance_of_rain":0,"will_it_snow":0,"chance_of_snow":0,"vis_km":10.0,"vis_miles":6.0,"gust_mph":9.8,"gust_kph":15.8,"uv":5.0},{"time_epoch":1681995600,"time":"2023-04-20 16:00","temp_c":19.7,"temp_f":67.5,"is_day":1,"condition":{"text":"Sunny","icon":"//cdn.weatherapi.com/weather/64x64/day/113.png","code":1000},"wind_mph":7.8,"wind_kph":12.6,"wind_degree":195,"wind_dir":"SSW","pressure_mb":1012.0,"pressure_in":29.87,"precip_mm":0.0,"precip_in":0.0,"humidity":51,"cloud":10,"feelslike_c":19.7,"feelslike_f":67.5,"windchill_c":19.7,"windchill_f":67.5,"heatindex_c":19.7,"heatindex_f":67.5,"dewpoint_c":9.2,"dewpoint_f":48.6,"will_it_rain":0,"chance_of_rain":0,"will_it_snow":0,"chance_of_snow":0,"vis_km":10.0,"vis_miles":6.0,"gust_mph":8.9,"gust_kph":14.4,"uv":5.0},{"time_epoch":1681999200,"time":"2023-04-20 17:00","temp_c":19.3,"temp_f":66.7,"is_day":1,"condition":{"text":"Sunny","icon":"//cdn.weatherapi.com/weather/64x64/day/113.png","code":1000},"wind_mph":7.8,"wind_kph":12.6,"wind_degree":201,"wind_dir":"SSW","pressure_mb":1011.0,"pressure_in":29.87,"precip_mm":0.0,"precip_in":0.0,"humidity":53,"cloud":10,"feelslike_c":19.3,"feelslike_f":66.7,"windchill_c":19.3,"windchill_f":66.7,"heatindex_c":19.3,"heatindex_f":66.7,"dewpoint_c":9.6,"dewpoint_f":49.3,"will_it_rain":0,"chance_of_rain":0,"will_it_snow":0,"chance_of_snow":0,"vis_km":10.0,"vis_miles":6.0,"gust_mph":8.9,"gust_kph":14.4,"uv":5.0},{"time_epoch":1682002800,"time":"2023-04-20 18:00","temp_c":18.0,"temp_f":64.4,"is_day":1,"condition":{"text":"Sunny","icon":"//cdn.weatherapi.com/weather/64x64/day/113.png","code":1000},"wind_mph":8.5,"wind_kph":13.7,"wind_degree":201,"wind_dir":"SSW","pressure_mb":1011.0,"pressure_in":29.87,"precip_mm":0.0,"precip_in":0.0,"humidity":59,"cloud":12,"feelslike_c":18.0,"feelslike_f":64.4,"windchill_c":18.0,"windchill_f":64.4,"heatindex_c":18.0,"heatindex_f":64.4,"dewpoint_c":9.9,"dewpoint_f":49.8,"will_it_rain":0,"chance_of_rain":0,"will_it_snow":0,"chance_of_snow":0,"vis_km":10.0,"vis_miles":6.0,"gust_mph":9.8,"gust_kph":15.8,"uv":5.0},{"time_epoch":1682006400,"time":"2023-04-20 19:00","temp_c":17.1,"temp_f":62.8,"is_day":1,"condition":{"text":"Sunny","icon":"//cdn.weatherapi.com/weather/64x64/day/113.png","code":1000},"wind_mph":6.9,"wind_kph":11.2,"wind_degree":201,"wind_dir":"SSW","pressure_mb":1012.0,"pressure_in":29.88,"precip_mm":0.0,"precip_in":0.0,"humidity":66,"cloud":13,"feelslike_c":17.1,"feelslike_f":62.8,"windchill_c":17.1,"windchill_f":62.8,"heatindex_c":17.1,"heatindex_f":62.8,"dewpoint_c":10.8,"dewpoint_f":51.4,"will_it_rain":0,"chance_of_rain":0,"will_it_snow":0,"chance_of_snow":0,"vis_km":10.0,"vis_miles":6.0,"gust_mph":8.1,"gust_kph":13.0,"uv":5.0},{"time_epoch":1682010000,"time":"2023-04-20 20:00","temp_c":15.5,"temp_f":59.9,"is_day":1,"condition":{"text":"Sunny","icon":"//cdn.weatherapi.com/weather/64x64/day/113.png","code":1000},"wind_mph":4.5,"wind_kph":7.2,"wind_degree":187,"wind_dir":"S","pressure_mb":1012.0,"pressure_in":29.9,"precip_mm":0.0,"precip_in":0.0,"humidity":71,"cloud":10,"feelslike_c":15.5,"feelslike_f":59.9,"windchill_c":15.5,"windchill_f":59.9,"heatindex_c":15.5,"heatindex_f":59.9,"dewpoint_c":10.2,"dewpoint_f":50.4,"will_it_rain":0,"chance_of_rain":0,"will_it_snow":0,"chance_of_snow":0,"vis_km":10.0,"vis_miles":6.0,"gust_mph":5.6,"gust_kph":9.0,"uv":5.0},{"time_epoch":1682013600,"time":"2023-04-20 21:00","temp_c":15.2,"temp_f":59.4,"is_day":0,"condition":{"text":"Clear","icon":"//cdn.weatherapi.com/weather/64x64/night/113.png","code":1000},"wind_mph":2.7,"wind_kph":4.3,"wind_degree":174,"wind_dir":"S","pressure_mb":1013.0,"pressure_in":29.91,"precip_mm":0.0,"precip_in":0.0,"humidity":74,"cloud":7,"feelslike_c":15.2,"feelslike_f":59.4,"windchill_c":15.2,"windchill_f":59.4,"heatindex_c":15.2,"heatindex_f":59.4,"dewpoint_c":10.6,"dewpoint_f":51.1,"will_it_rain":0,"chance_of_rain":0,"will_it_snow":0,"chance_of_snow":0,"vis_km":10.0,"vis_miles":6.0,"gust_mph":3.6,"gust_kph":5.8,"uv":1.0},{"time_epoch":1682017200,"time":"2023-04-20 22:00","temp_c":14.9,"temp_f":58.8,"is_day":0,"condition":{"text":"Clear","icon":"//cdn.weatherapi.com/weather/64x64/night/113.png","code":1000},"wind_mph":2.2,"wind_kph":3.6,"wind_degree":174,"wind_dir":"S","pressure_mb":1013.0,"pressure_in":29.9,"precip_mm":0.0,"precip_in":0.0,"humidity":76,"cloud":6,"feelslike_c":15.7,"feelslike_f":60.3,"windchill_c":15.7,"windchill_f":60.3,"heatindex_c":14.9,"heatindex_f":58.8,"dewpoint_c":10.7,"dewpoint_f":51.3,"will_it_rain":0,"chance_of_rain":0,"will_it_snow":0,"chance_of_snow":0,"vis_km":10.0,"vis_miles":6.0,"gust_mph":3.1,"gust_kph":5.0,"uv":1.0},{"time_epoch":1682020800,"time":"2023-04-20 23:00","temp_c":14.6,"temp_f":58.3,"is_day":0,"condition":{"text":"Clear","icon":"//cdn.weatherapi.com/weather/64x64/night/113.png","code":1000},"wind_mph":1.8,"wind_kph":2.9,"wind_degree":192,"wind_dir":"SSW","pressure_mb":1012.0,"pressure_in":29.9,"precip_mm":0.0,"precip_in":0.0,"humidity":77,"cloud":6,"feelslike_c":14.6,"feelslike_f":58.3,"windchill_c":14.6,"windchill_f":58.3,"heatindex_c":14.6,"heatindex_f":58.3,"dewpoint_c":10.6,"dewpoint_f":51.1,"will_it_rain":0,"chance_of_rain":0,"will_it_snow":0,"chance_of_snow":0,"vis_km":10.0,"vis_miles":6.0,"gust_mph":2.5,"gust_kph":4.0,"uv":1.0}]},{"date":"2023-04-21","date_epoch":1682035200,"day":{"maxtemp_c":20.5,"maxtemp_f":68.9,"mintemp_c":12.0,"mintemp_f":53.6,"avgtemp_c":16.7,"avgtemp_f":62.1,"maxwind_mph":7.6,"maxwind_kph":12.2,"totalprecip_mm":1.0,"totalprecip_in":0.04,"totalsnow_cm":0.0,"avgvis_km":10.0,"avgvis_miles":6.0,"avghumidity":64.0,"daily_will_it_rain":1,"daily_chance_of_rain":76,"daily_will_it_snow":0,"daily_chance_of_snow":0,"condition":{"text":"Patchy rain possible","icon":"//cdn.weatherapi.com/weather/64x64/day/176.png","code":1063},"uv":4.0},"astro":{"sunrise":"06:42 AM","sunset":"08:06 PM","moonrise":"07:19 AM","moonset":"09:46 PM","moon_phase":"Waxing Crescent","moon_illumination":"1","is_moon_up":0,"is_sun_up":0},"hour":[{"time_epoch":1682024400,"time":"2023-04-21 00:00","temp_c":14.2,"temp_f":57.6,"is_day":0,"condition":{"text":"Clear","icon":"//cdn.weatherapi.com/weather/64x64/night/113.png","code":1000},"wind_mph":0.7,"wind_kph":1.1,"wind_degree":199,"wind_dir":"SSW","pressure_mb":1013.0,"pressure_in":29.9,"precip_mm":0.0,"precip_in":0.0,"humidity":78,"cloud":8,"feelslike_c":14.2,"feelslike_f":57.6,"windchill_c":14.2,"windchill_f":57.6,"heatindex_c":14.2,"heatindex_f":57.6,"dewpoint_c":10.5,"dewpoint_f":50.9,"will_it_rain":0,"chance_of_rain":0,"will_it_snow":0,"chance_of_snow":0,"vis_km":10.0,"vis_miles":6.0,"gust_mph":0.9,"gust_kph":1.4,"uv":1.0},{"time_epoch":1682028000,"time":"2023-04-21 01:00","temp_c":13.8,"temp_f":56.8,"is_day":0,"condition":{"text":"Clear","icon":"//cdn.weatherapi.com/weather/64x64/night/113.png","code":1000},"wind_mph":0.9,"wind_kph":1.4,"wind_degree":352,"wind_dir":"N","pressure_mb":1012.0,"pressure_in":29.89,"precip_mm":0.0,"precip_in":0.0,"humidity":78,"cloud":7,"feelslike_c":13.8,"feelslike_f":56.8,"windchill_c":13.8,"windchill_f":56.8,"heatindex_c":13.8,"heatindex_f":56.8,"dewpoint_c":10.0,"dewpoint_f":50.0,"will_it_rain":0,"chance_of_rain":0,"will_it_snow":0,"chance_of_snow":0,"vis_km":10.0,"vis_miles":6.0,"gust_mph":1.3,"gust_kph":2.2,"uv":1.0},{"time_epoch":1682031600,"time":"2023-04-21 02:00","temp_c":13.3,"temp_f":55.9,"is_day":0,"condition":{"text":"Clear","icon":"//cdn.weatherapi.com/weather/64x64/night/113.png","code":1000},"wind_mph":2.0,"wind_kph":3.2,"wind_degree":354,"wind_dir":"N","pressure_mb":1012.0,"pressure_in":29.88,"precip_mm":0.0,"precip_in":0.0,"humidity":77,"cloud":6,"feelslike_c":14.0,"feelslike_f":57.2,"windchill_c":14.0,"windchill_f":57.2,"heatindex_c":13.3,"heatindex_f":55.9,"dewpoint_c":9.3,"dewpoint_f":48.7,"will_it_rain":0,"chance_of_rain":0,"will_it_snow":0,"chance_of_snow":0,"vis_km":10.0,"vis_miles":6.0,"gust_mph":3.6,"gust_kph":5.8,"uv":1.0},{"time_epoch":1682035200,"time":"2023-04-21 03:00","temp_c":12.9,"temp_f":55.2,"is_day":0,"condition":{"text":"Clear","icon":"//cdn.weatherapi.com/weather/64x64/night/113.png","code":1000},"wind_mph":2.7,"wind_kph":4.3,"wind_degree":354,"wind_dir":"N","pressure_mb":1012.0,"pressure_in":29.87,"precip_mm":0.0,"precip_in":0.0,"humidity":75,"cloud":6,"feelslike_c":13.2,"feelslike_f":55.8,"windchill_c":13.2,"windchill_f":55.8,"heatindex_c":12.9,"heatindex_f":55.2,"dewpoint_c":8.5,"dewpoint_f":47.3,"will_it_rain":0,"chance_of_rain":0,"will_it_snow":0,"chance_of_snow":0,"vis_km":10.0,"vis_miles":6.0,"gust_mph":4.9,"gust_kph":7.9,"uv":1.0},{"time_epoch":1682038800,"time":"2023-04-21 04:00","temp_c":12.6,"temp_f":54.7,"is_day":0,"condition":{"text":"Clear","icon":"//cdn.weatherapi.com/weather/64x64/night/113.png","code":1000},"wind_mph":2.5,"wind_kph":4.0,"wind_degree":339,"wind_dir":"NNW","pressure_mb":1012.0,"pressure_in":29.87,"precip_mm":0.0,"precip_in":0.0,"humidity":74,"cloud":6,"feelslike_c":13.0,"feelslike_f":55.4,"windchill_c":13.0,"windchill_f":55.4,"heatindex_c":12.6,"heatindex_f":54.7,"dewpoint_c":8.2,"dewpoint_f":46.8,"will_it_rain":0,"chance_of_rain":0,"will_it_snow":0,"chance_of_snow":0,"vis_km":10.0,"vis_miles":6.0,"gust_mph":4.7,"gust_kph":7.6,"uv":1.0},{"time_epoch":1682042400,"time":"2023-04-21 05:00","temp_c":12.0,"temp_f":53.6,"is_day":0,"condition":{"text":"Clear","icon":"//cdn.weatherapi.com/weather/64x64/night/113.png","code":1000},"wind_mph":2.5,"wind_kph":4.0,"wind_degree":344,"wind_dir":"NNW","pressure_mb":1011.0,"pressure_in":29.87,"precip_mm":0.0,"precip_in":0.0,"humidity":75,"cloud":7,"feelslike_c":12.3,"feelslike_f":54.1,"windchill_c":12.3,"windchill_f":54.1,"heatindex_c":12.0,"heatindex_f":53.6,"dewpoint_c":7.6,"dewpoint_f":45.7,"will_it_rain":0,"chance_of_rain":0,"will_it_snow":0,"chance_of_snow":0,"vis_km":10.0,"vis_miles":6.0,"gust_mph":5.1,"gust_kph":8.3,"uv":1.0},{"time_epoch":1682046000,"time":"2023-04-21 06:00","temp_c":12.3,"temp_f":54.1,"is_day":0,"condition":{"text":"Clear","icon":"//cdn.weatherapi.com/weather/64x64/night/113.png","code":1000},"wind_mph":2.9,"wind_kph":4.7,"wind_degree":10,"wind_dir":"N","pressure_mb":1012.0,"pressure_in":29.87,"precip_mm":0.0,"precip_in":0.0,"humidity":74,"cloud":8,"feelslike_c":12.4,"feelslike_f":54.3,"windchill_c":12.4,"windchill_f":54.3,"heatindex_c":12.3,"heatindex_f":54.1,"dewpoint_c":7.8,"dewpoint_f":46.0,"will_it_rain":0,"chance_of_rain":0,"will_it_snow":0,"chance_of_snow":0,"vis_km":10.0,"vis_miles":6.0,"gust_mph":5.8,"gust_kph":9.4,"uv":1.0},{"time_epoch":1682049600,"time":"2023-04-21 07:00","temp_c":15.0,"temp_f":59.0,"is_day":1,"condition":{"text":"Sunny","icon":"//cdn.weatherapi.com/weather/64x64/day/113.png","code":1000},"wind_mph":2.5,"wind_kph":4.0,"wind_degree":35,"wind_dir":"NE","pressure_mb":1012.0,"pressure_in":29.88,"precip_mm":0.0,"precip_in":0.0,"humidity":66,"cloud":9,"feelslike_c":15.7,"feelslike_f":60.3,"windchill_c":15.7,"windchill_f":60.3,"heatindex_c":15.0,"heatindex_f":59.0,"dewpoint_c":8.7,"dewpoint_f":47.7,"will_it_rain":0,"chance_of_rain":0,"will_it_snow":0,"chance_of_snow":0,"vis_km":10.0,"vis_miles":6.0,"gust_mph":3.1,"gust_kph":5.0,"uv":5.0},{"time_epoch":1682053200,"time":"2023-04-21 08:00","temp_c":16.3,"temp_f":61.3,"is_day":1,"condition":{"text":"Sunny","icon":"//cdn.weatherapi.com/weather/64x64/day/113.png","code":1000},"wind_mph":2.0,"wind_kph":3.2,"wind_degree":64,"wind_dir":"ENE","pressure_mb":1012.0,"pressure_in":29.88,"precip_mm":0.0,"precip_in":0.0,"humidity":60,"cloud":9,"feelslike_c":16.3,"feelslike_f":61.3,"windchill_c":16.3,"windchill_f":61.3,"heatindex_c":16.3,"heatindex_f":61.3,"dewpoint_c":8.6,"dewpoint_f":47.5,"will_it_rain":0,"chance_of_rain":0,"will_it_snow":0,"chance_of_snow":0,"vis_km":10.0,"vis_miles":6.0,"gust_mph":2.2,"gust_kph":3.6,"uv":5.0},{"time_epoch":1682056800,"time":"2023-04-21 09:00","temp_c":17.5,"temp_f":63.5,"is_day":1,"condition":{"text":"Sunny","icon":"//cdn.weatherapi.com/weather/64x64/day/113.png","code":1000},"wind_mph":1.8,"wind_kph":2.9,"wind_degree":123,"wind_dir":"ESE","pressure_mb":1012.0,"pressure_in":29.9,"precip_mm":0.0,"precip_in":0.0,"humidity":56,"cloud":9,"feelslike_c":17.5,"feelslike_f":63.5,"windchill_c":17.5,"windchill_f":63.5,"heatindex_c":17.5,"heatindex_f":63.5,"dewpoint_c":8.6,"dewpoint_f":47.5,"will_it_rain":0,"chance_of_rain":0,"will_it_snow":0,"chance_of_snow":0,"vis_km":10.0,"vis_miles":6.0,"gust_mph":2.0,"gust_kph":3.2,"uv":5.0},{"time_epoch":1682060400,"time":"2023-04-21 10:00","temp_c":18.4,"temp_f":65.1,"is_day":1,"condition":{"text":"Sunny","icon":"//cdn.weatherapi.com/weather/64x64/day/113.png","code":1000},"wind_mph":2.9,"wind_kph":4.7,"wind_degree":151,"wind_dir":"SSE","pressure_mb":1012.0,"pressure_in":29.9,"precip_mm":0.0,"precip_in":0.0,"humidity":53,"cloud":10,"feelslike_c":18.4,"feelslike_f":65.1,"windchill_c":18.4,"windchill_f":65.1,"heatindex_c":18.4,"heatindex_f":65.1,"dewpoint_c":8.7,"dewpoint_f":47.7,"will_it_rain":0,"chance_of_rain":0,"will_it_snow":0,"chance_of_snow":0,"vis_km":10.0,"vis_miles":6.0,"gust_mph":3.4,"gust_kph":5.4,"uv":5.0},{"time_epoch":1682064000,"time":"2023-04-21 11:00","temp_c":19.6,"temp_f":67.3,"is_day":1,"condition":{"text":"Sunny","icon":"//cdn.weatherapi.com/weather/64x64/day/113.png","code":1000},"wind_mph":5.8,"wind_kph":9.4,"wind_degree":176,"wind_dir":"S","pressure_mb":1012.0,"pressure_in":29.9,"precip_mm":0.0,"precip_in":0.0,"humidity":52,"cloud":14,"feelslike_c":19.6,"feelslike_f":67.3,"windchill_c":19.6,"windchill_f":67.3,"heatindex_c":19.6,"heatindex_f":67.3,"dewpoint_c":9.4,"dewpoint_f":48.9,"will_it_rain":0,"chance_of_rain":0,"will_it_snow":0,"chance_of_snow":0,"vis_km":10.0,"vis_miles":6.0,"gust_mph":6.7,"gust_kph":10.8,"uv":5.0},{"time_epoch":1682067600,"time":"2023-04-21 12:00","temp_c":20.0,"temp_f":68.0,"is_day":1,"condition":{"text":"Sunny","icon":"//cdn.weatherapi.com/weather/64x64/day/113.png","code":1000},"wind_mph":6.5,"wind_kph":10.4,"wind_degree":184,"wind_dir":"S","pressure_mb":1012.0,"pressure_in":29.89,"precip_mm":0.0,"precip_in":0.0,"humidity":52,"cloud":15,"feelslike_c":20.0,"feelslike_f":68.0,"windchill_c":20.0,"windchill_f":68.0,"heatindex_c":20.0,"heatindex_f":68.0,"dewpoint_c":9.9,"dewpoint_f":49.8,"will_it_rain":0,"chance_of_rain":0,"will_it_snow":0,"chance_of_snow":0,"vis_km":10.0,"vis_miles":6.0,"gust_mph":7.4,"gust_kph":11.9,"uv":6.0},{"time_epoch":1682071200,"time":"2023-04-21 13:00","temp_c":20.2,"temp_f":68.4,"is_day":1,"condition":{"text":"Patchy rain possible","icon":"//cdn.weatherapi.com/weather/64x64/day/176.png","code":1063},"wind_mph":7.2,"wind_kph":11.5,"wind_degree":182,"wind_dir":"S","pressure_mb":1012.0,"pressure_in":29.88,"precip_mm":0.1,"precip_in":0.0,"humidity":52,"cloud":82,"feelslike_c":20.2,"feelslike_f":68.4,"windchill_c":20.2,"windchill_f":68.4,"heatindex_c":20.2,"heatindex_f":68.4,"dewpoint_c":9.9,"dewpoint_f":49.8,"will_it_rain":1,"chance_of_rain":76,"will_it_snow":0,"chance_of_snow":0,"vis_km":10.0,"vis_miles":6.0,"gust_mph":8.5,"gust_kph":13.7,"uv":5.0},{"time_epoch":1682074800,"time":"2023-04-21 14:00","temp_c":20.4,"temp_f":68.7,"is_day":1,"condition":{"text":"Patchy rain possible","icon":"//cdn.weatherapi.com/weather/64x64/day/176.png","code":1063},"wind_mph":7.6,"wind_kph":12.2,"wind_degree":179,"wind_dir":"S","pressure_mb":1012.0,"pressure_in":29.88,"precip_mm":0.2,"precip_in":0.01,"humidity":53,"cloud":74,"feelslike_c":20.4,"feelslike_f":68.7,"windchill_c":20.4,"windchill_f":68.7,"heatindex_c":20.4,"heatindex_f":68.7,"dewpoint_c":10.5,"dewpoint_f":50.9,"will_it_rain":1,"chance_of_rain":73,"will_it_snow":0,"chance_of_snow":0,"vis_km":10.0,"vis_miles":6.0,"gust_mph":8.9,"gust_kph":14.4,"uv":5.0},{"time_epoch":1682078400,"time":"2023-04-21 15:00","temp_c":20.4,"temp_f":68.7,"is_day":1,"condition":{"text":"Patchy rain possible","icon":"//cdn.weatherapi.com/weather/64x64/day/176.png","code":1063},"wind_mph":7.4,"wind_kph":11.9,"wind_degree":173,"wind_dir":"S","pressure_mb":1011.0,"pressure_in":29.86,"precip_mm":0.2,"precip_in":0.01,"humidity":53,"cloud":88,"feelslike_c":20.4,"feelslike_f":68.7,"windchill_c":20.4,"windchill_f":68.7,"heatindex_c":20.4,"heatindex_f":68.7,"dewpoint_c":10.6,"dewpoint_f":51.1,"will_it_rain":1,"chance_of_rain":74,"will_it_snow":0,"chance_of_snow":0,"vis_km":10.0,"vis_miles":6.0,"gust_mph":8.5,"gust_kph":13.7,"uv":5.0},{"time_epoch":1682082000,"time":"2023-04-21 16:00","temp_c":20.5,"temp_f":68.9,"is_day":1,"condition":{"text":"Sunny","icon":"//cdn.weatherapi.com/weather/64x64/day/113.png","code":1000},"wind_mph":6.7,"wind_kph":10.8,"wind_degree":177,"wind_dir":"S","pressure_mb":1011.0,"pressure_in":29.85,"precip_mm":0.0,"precip_in":0.0,"humidity":52,"cloud":12,"feelslike_c":20.5,"feelslike_f":68.9,"windchill_c":20.5,"windchill_f":68.9,"heatindex_c":20.5,"heatindex_f":68.9,"dewpoint_c":10.4,"dewpoint_f":50.7,"will_it_rain":0,"chance_of_rain":0,"will_it_snow":0,"chance_of_snow":0,"vis_km":10.0,"vis_miles":6.0,"gust_mph":7.8,"gust_kph":12.6,"uv":6.0},{"time_epoch":1682085600,"time":"2023-04-21 17:00","temp_c":20.1,"temp_f":68.2,"is_day":1,"condition":{"text":"Patchy rain possible","icon":"//cdn.weatherapi.com/weather/64x64/day/176.png","code":1063},"wind_mph":7.2,"wind_kph":11.5,"wind_degree":187,"wind_dir":"S","pressure_mb":1011.0,"pressure_in":29.85,"precip_mm":0.3,"precip_in":0.01,"humidity":55,"cloud":87,"feelslike_c":20.1,"feelslike_f":68.2,"windchill_c":20.1,"windchill_f":68.2,"heatindex_c":20.1,"heatindex_f":68.2,"dewpoint_c":10.7,"dewpoint_f":51.3,"will_it_rain":1,"chance_of_rain":72,"will_it_snow":0,"chance_of_snow":0,"vis_km":10.0,"vis_miles":6.0,"gust_mph":8.5,"gust_kph":13.7,"uv":5.0},{"time_epoch":1682089200,"time":"2023-04-21 18:00","temp_c":19.7,"temp_f":67.5,"is_day":1,"condition":{"text":"Sunny","icon":"//cdn.weatherapi.com/weather/64x64/day/113.png","code":1000},"wind_mph":6.5,"wind_kph":10.4,"wind_degree":191,"wind_dir":"SSW","pressure_mb":1011.0,"pressure_in":29.85,"precip_mm":0.0,"precip_in":0.0,"humidity":59,"cloud":5,"feelslike_c":19.7,"feelslike_f":67.5,"windchill_c":19.7,"windchill_f":67.5,"heatindex_c":19.7,"heatindex_f":67.5,"dewpoint_c":11.5,"dewpoint_f":52.7,"will_it_rain":0,"chance_of_rain":0,"will_it_snow":0,"chance_of_snow":0,"vis_km":10.0,"vis_miles":6.0,"gust_mph":7.4,"gust_kph":11.9,"uv":5.0},{"time_epoch":1682092800,"time":"2023-04-21 19:00","temp_c":18.9,"temp_f":66.0,"is_day":1,"condition":{"text":"Patchy rain possible","icon":"//cdn.weatherapi.com/weather/64x64/day/176.png","code":1063},"wind_mph":5.1,"wind_kph":8.3,"wind_degree":193,"wind_dir":"SSW","pressure_mb":1011.0,"pressure_in":29.85,"precip_mm":0.1,"precip_in":0.0,"humidity":65,"cloud":79,"feelslike_c":18.9,"feelslike_f":66.0,"windchill_c":18.9,"windchill_f":66.0,"heatindex_c":18.9,"heatindex_f":66.0,"dewpoint_c":12.2,"dewpoint_f":54.0,"will_it_rain":1,"chance_of_rain":73,"will_it_snow":0,"chance_of_snow":0,"vis_km":10.0,"vis_miles":6.0,"gust_mph":6.0,"gust_kph":9.7,"uv":4.0},{"time_epoch":1682096400,"time":"2023-04-21 20:00","temp_c":16.3,"temp_f":61.3,"is_day":1,"condition":{"text":"Patchy rain possible","icon":"//cdn.weatherapi.com/weather/64x64/day/176.png","code":1063},"wind_mph":3.6,"wind_kph":5.8,"wind_degree":198,"wind_dir":"SSW","pressure_mb":1012.0,"pressure_in":29.87,"precip_mm":0.1,"precip_in":0.0,"humidity":68,"cloud":70,"feelslike_c":16.3,"feelslike_f":61.3,"windchill_c":16.3,"windchill_f":61.3,"heatindex_c":16.3,"heatindex_f":61.3,"dewpoint_c":10.5,"dewpoint_f":50.9,"will_it_rain":1,"chance_of_rain":73,"will_it_snow":0,"chance_of_snow":0,"vis_km":10.0,"vis_miles":6.0,"gust_mph":4.5,"gust_kph":7.2,"uv":4.0},{"time_epoch":1682100000,"time":"2023-04-21 21:00","temp_c":16.2,"temp_f":61.2,"is_day":0,"condition":{"text":"Clear","icon":"//cdn.weatherapi.com/weather/64x64/night/113.png","code":1000},"wind_mph":2.5,"wind_kph":4.0,"wind_degree":187,"wind_dir":"S","pressure_mb":1012.0,"pressure_in":29.88,"precip_mm":0.0,"precip_in":0.0,"humidity":70,"cloud":6,"feelslike_c":16.2,"feelslike_f":61.2,"windchill_c":16.2,"windchill_f":61.2,"heatindex_c":16.2,"heatindex_f":61.2,"dewpoint_c":10.7,"dewpoint_f":51.3,"will_it_rain":0,"chance_of_rain":0,"will_it_snow":0,"chance_of_snow":0,"vis_km":10.0,"vis_miles":6.0,"gust_mph":3.1,"gust_kph":5.0,"uv":1.0},{"time_epoch":1682103600,"time":"2023-04-21 22:00","temp_c":15.9,"temp_f":60.6,"is_day":0,"condition":{"text":"Clear","icon":"//cdn.weatherapi.com/weather/64x64/night/113.png","code":1000},"wind_mph":2.7,"wind_kph":4.3,"wind_degree":191,"wind_dir":"SSW","pressure_mb":1012.0,"pressure_in":29.89,"precip_mm":0.0,"precip_in":0.0,"humidity":72,"cloud":7,"feelslike_c":15.9,"feelslike_f":60.6,"windchill_c":15.9,"windchill_f":60.6,"heatindex_c":15.9,"heatindex_f":60.6,"dewpoint_c":10.8,"dewpoint_f":51.4,"will_it_rain":0,"chance_of_rain":0,"will_it_snow":0,"chance_of_snow":0,"vis_km":10.0,"vis_miles":6.0,"gust_mph":3.4,"gust_kph":5.4,"uv":1.0},{"time_epoch":1682107200,"time":"2023-04-21 23:00","temp_c":15.4,"temp_f":59.7,"is_day":0,"condition":{"text":"Clear","icon":"//cdn.weatherapi.com/weather/64x64/night/113.png","code":1000},"wind_mph":0.4,"wind_kph":0.7,"wind_degree":156,"wind_dir":"SSE","pressure_mb":1012.0,"pressure_in":29.88,"precip_mm":0.0,"precip_in":0.0,"humidity":73,"cloud":7,"feelslike_c":15.4,"feelslike_f":59.7,"windchill_c":15.4,"windchill_f":59.7,"heatindex_c":15.4,"heatindex_f":59.7,"dewpoint_c":10.6,"dewpoint_f":51.1,"will_it_rain":0,"chance_of_rain":0,"will_it_snow":0,"chance_of_snow":0,"vis_km":10.0,"vis_miles":6.0,"gust_mph":0.7,"gust_kph":1.1,"uv":1.0}]}]}}